	index	sample	model_class	model_species	model	accuracy	auROC	auPRC	f1_score	fhalf_score	model_type
0	0	Mo2015_EXCpos_Ctx_fold1	CNN	Mouse	cnn_v2/singleTask/Mo2015_EXCpos_Ctx_fold1/Mo2015_EXCpos_Ctx_fold1_OCP_NB1000_NE23_BR0.01_MR0.1_BM0.85_MM0.99_DO0.1.h5	0.8589484313349975	0.9424690396435491	0.7491164183998344	0.9143761573075848	0.9211166498222877	Mo2015_EXCpos_Ctx
1	0	Mo2015_EXCpos_Ctx_fold1	CNN	Mouse	cnn_v2/singleTask/Mo2015_EXCpos_Ctx_fold1/Mo2015_EXCpos_Ctx_fold1_OCP_NB1000_NE23_BR0.01_MR0.1_BM0.85_MM0.99_DO0.15.h5	0.8741392350877688	0.9463560236325568	0.7671005510769033	0.8972345053524722	0.9127276256069454	Mo2015_EXCpos_Ctx
2	0	Mo2015_EXCpos_Ctx_fold1	CNN	Mouse	cnn_v2/singleTask/Mo2015_EXCpos_Ctx_fold1/Mo2015_EXCpos_Ctx_fold1_OCP_NB1000_NE23_BR0.01_MR0.1_BM0.85_MM0.99_DO0.2.h5	0.8728712210210676	0.948184247779048	0.7758424068490564	0.9140392229884384	0.9225444380993476	Mo2015_EXCpos_Ctx
3	0	Mo2015_EXCpos_Ctx_fold1	CNN	Mouse	cnn_v2/singleTask/Mo2015_EXCpos_Ctx_fold1/Mo2015_EXCpos_Ctx_fold1_OCP_NB1000_NE23_BR0.01_MR0.1_BM0.85_MM0.99_DO0.25.h5	0.8717232547098712	0.9493794264430144	0.7779417293817288	0.8638066836369391	0.8953272670584509	Mo2015_EXCpos_Ctx
4	0	Mo2015_EXCpos_Ctx_fold1	CNN	Mouse	cnn_v2/singleTask/Mo2015_EXCpos_Ctx_fold1/Mo2015_EXCpos_Ctx_fold1_OCP_NB1000_NE23_BR0.01_MR0.1_BM0.85_MM0.99_DO0.3.h5	0.7998979388401659	0.9472591778601595	0.7669943082737928	0.9335766338445695	0.9327224416421722	Mo2015_EXCpos_Ctx
5	0	Mo2015_EXCpos_Ctx_fold1	CNN	Mouse	cnn_v2/singleTask/Mo2015_EXCpos_Ctx_fold1/Mo2015_EXCpos_Ctx_fold1_OCP_NB1000_NE23_BR0.01_MR0.1_BM0.85_MM0.99_DO0.4.h5	0.8747478547961683	0.9480832605927385	0.7757029614912863	0.9044212787417717	0.916921863623052	Mo2015_EXCpos_Ctx
6	0	Mo2015_EXCpos_Ctx_fold1	CNN	Mouse	cnn_v2/singleTask/Mo2015_EXCpos_Ctx_fold1/Mo2015_EXCpos_Ctx_fold1_OCP_NB1000_NE23_BR0.01_MR0.1_BM0.85_MM0.99_DO0.5.h5	0.8568113255642307	0.9403713885412507	0.7420680497564439	0.8393282447535959	0.8815796172693551	Mo2015_EXCpos_Ctx
7	0	Mo2015_EXCpos_Ctx_fold2	CNN	Mouse	cnn_v2/singleTask/Mo2015_EXCpos_Ctx_fold2/Mo2015_EXCpos_Ctx_fold2_OCP_NB1000_NE23_BR0.01_MR0.1_BM0.85_MM0.99_DO0.1.h5	0.8627634823029546	0.9489225134977906	0.7310160365399265	0.9315402868804749	0.9371039807875904	Mo2015_EXCpos_Ctx
8	0	Mo2015_EXCpos_Ctx_fold2	CNN	Mouse	cnn_v2/singleTask/Mo2015_EXCpos_Ctx_fold2/Mo2015_EXCpos_Ctx_fold2_OCP_NB1000_NE23_BR0.01_MR0.1_BM0.85_MM0.99_DO0.15.h5	0.8472977474737069	0.950691061706705	0.7366497543520523	0.9401624050847127	0.942087675055272	Mo2015_EXCpos_Ctx
9	0	Mo2015_EXCpos_Ctx_fold2	CNN	Mouse	cnn_v2/singleTask/Mo2015_EXCpos_Ctx_fold2/Mo2015_EXCpos_Ctx_fold2_OCP_NB1000_NE23_BR0.01_MR0.1_BM0.85_MM0.99_DO0.2.h5	0.8658684266029246	0.9541049475338248	0.7468778446076496	0.9355872927299206	0.9401228163260076	Mo2015_EXCpos_Ctx
10	0	Mo2015_EXCpos_Ctx_fold2	CNN	Mouse	cnn_v2/singleTask/Mo2015_EXCpos_Ctx_fold2/Mo2015_EXCpos_Ctx_fold2_OCP_NB1000_NE23_BR0.01_MR0.1_BM0.85_MM0.99_DO0.25.h5	0.8845122140518327	0.9533410330979668	0.7474480467080811	0.8932077329961301	0.9177915015042544	Mo2015_EXCpos_Ctx
11	0	Mo2015_EXCpos_Ctx_fold2	CNN	Mouse	cnn_v2/singleTask/Mo2015_EXCpos_Ctx_fold2/Mo2015_EXCpos_Ctx_fold2_OCP_NB1000_NE23_BR0.01_MR0.1_BM0.85_MM0.99_DO0.3.h5	0.8839609650820257	0.9551995499010759	0.7493312923689839	0.9214974114794632	0.9328588923020885	Mo2015_EXCpos_Ctx
12	0	Mo2015_EXCpos_Ctx_fold2	CNN	Mouse	cnn_v2/singleTask/Mo2015_EXCpos_Ctx_fold2/Mo2015_EXCpos_Ctx_fold2_OCP_NB1000_NE23_BR0.01_MR0.1_BM0.85_MM0.99_DO0.4.h5	0.87070091060709	0.9535452680642256	0.7395644576002669	0.9314973637280338	0.9377752027904258	Mo2015_EXCpos_Ctx
13	0	Mo2015_EXCpos_Ctx_fold2	CNN	Mouse	cnn_v2/singleTask/Mo2015_EXCpos_Ctx_fold2/Mo2015_EXCpos_Ctx_fold2_OCP_NB1000_NE23_BR0.01_MR0.1_BM0.85_MM0.99_DO0.5.h5	0.8325806485668252	0.9460405485577645	0.7111855539788011	0.7853209918355409	0.862782266000098	Mo2015_EXCpos_Ctx
14	0	Mo2015_EXCpos_Ctx_fold3	CNN	Mouse	cnn_v2/singleTask/Mo2015_EXCpos_Ctx_fold3/Mo2015_EXCpos_Ctx_fold3_OCP_NB1000_NE23_BR0.01_MR0.1_BM0.85_MM0.99_DO0.1.h5	0.8659658842961933	0.9524554807327573	0.7266250881096474	0.9361706069873805	0.9425223909082615	Mo2015_EXCpos_Ctx
15	0	Mo2015_EXCpos_Ctx_fold3	CNN	Mouse	cnn_v2/singleTask/Mo2015_EXCpos_Ctx_fold3/Mo2015_EXCpos_Ctx_fold3_OCP_NB1000_NE23_BR0.01_MR0.1_BM0.85_MM0.99_DO0.15.h5	0.8853996658429671	0.9560155555378597	0.7411409921806238	0.9235960309371437	0.9366919197085899	Mo2015_EXCpos_Ctx
16	0	Mo2015_EXCpos_Ctx_fold3	CNN	Mouse	cnn_v2/singleTask/Mo2015_EXCpos_Ctx_fold3/Mo2015_EXCpos_Ctx_fold3_OCP_NB1000_NE23_BR0.01_MR0.1_BM0.85_MM0.99_DO0.2.h5	0.8844936014374088	0.9562857254351728	0.7435902593798177	0.8873844088825872	0.9183130320928693	Mo2015_EXCpos_Ctx
17	0	Mo2015_EXCpos_Ctx_fold3	CNN	Mouse	cnn_v2/singleTask/Mo2015_EXCpos_Ctx_fold3/Mo2015_EXCpos_Ctx_fold3_OCP_NB1000_NE23_BR0.01_MR0.1_BM0.85_MM0.99_DO0.25.h5	0.8697065696528639	0.9585917023897275	0.7498817339911448	0.9427895991271162	0.9472131715612885	Mo2015_EXCpos_Ctx
18	0	Mo2015_EXCpos_Ctx_fold3	CNN	Mouse	cnn_v2/singleTask/Mo2015_EXCpos_Ctx_fold3/Mo2015_EXCpos_Ctx_fold3_OCP_NB1000_NE23_BR0.01_MR0.1_BM0.85_MM0.99_DO0.3.h5	0.8417241147274743	0.9579976454424883	0.7534294052931925	0.9534513004287313	0.9537562649145372	Mo2015_EXCpos_Ctx
19	0	Mo2015_EXCpos_Ctx_fold3	CNN	Mouse	cnn_v2/singleTask/Mo2015_EXCpos_Ctx_fold3/Mo2015_EXCpos_Ctx_fold3_OCP_NB1000_NE23_BR0.01_MR0.1_BM0.85_MM0.99_DO0.4.h5	0.8263892121420126	0.9546940109309227	0.7380029461822236	0.9521498611572691	0.9520744047845702	Mo2015_EXCpos_Ctx
20	0	Mo2015_EXCpos_Ctx_fold3	CNN	Mouse	cnn_v2/singleTask/Mo2015_EXCpos_Ctx_fold3/Mo2015_EXCpos_Ctx_fold3_OCP_NB1000_NE23_BR0.01_MR0.1_BM0.85_MM0.99_DO0.5.h5	0.6599195863641498	0.9423472920060039	0.6899809638633922	0.9333266056164298	0.9334648699922258	Mo2015_EXCpos_Ctx
21	0	Mo2015_EXCpos_Ctx_fold4	CNN	Mouse	cnn_v2/singleTask/Mo2015_EXCpos_Ctx_fold4/Mo2015_EXCpos_Ctx_fold4_OCP_NB1000_NE23_BR0.01_MR0.1_BM0.85_MM0.99_DO0.1.h5	0.8796623523520066	0.950959200976657	0.7160540158486262	0.9185886615995045	0.9331050656235106	Mo2015_EXCpos_Ctx
22	0	Mo2015_EXCpos_Ctx_fold4	CNN	Mouse	cnn_v2/singleTask/Mo2015_EXCpos_Ctx_fold4/Mo2015_EXCpos_Ctx_fold4_OCP_NB1000_NE23_BR0.01_MR0.1_BM0.85_MM0.99_DO0.15.h5	0.8851953205947365	0.9561033891447426	0.7301830803779592	0.920269830164989	0.9345710069032618	Mo2015_EXCpos_Ctx
23	0	Mo2015_EXCpos_Ctx_fold4	CNN	Mouse	cnn_v2/singleTask/Mo2015_EXCpos_Ctx_fold4/Mo2015_EXCpos_Ctx_fold4_OCP_NB1000_NE23_BR0.01_MR0.1_BM0.85_MM0.99_DO0.2.h5	0.8870007166540029	0.9564930798772407	0.7400159543561637	0.9159533339596428	0.9324116811146205	Mo2015_EXCpos_Ctx
24	0	Mo2015_EXCpos_Ctx_fold4	CNN	Mouse	cnn_v2/singleTask/Mo2015_EXCpos_Ctx_fold4/Mo2015_EXCpos_Ctx_fold4_OCP_NB1000_NE23_BR0.01_MR0.1_BM0.85_MM0.99_DO0.25.h5	0.887441502037715	0.9578727501354519	0.7455280004766696	0.9245087271719149	0.9371533445418279	Mo2015_EXCpos_Ctx
25	0	Mo2015_EXCpos_Ctx_fold4	CNN	Mouse	cnn_v2/singleTask/Mo2015_EXCpos_Ctx_fold4/Mo2015_EXCpos_Ctx_fold4_OCP_NB1000_NE23_BR0.01_MR0.1_BM0.85_MM0.99_DO0.3.h5	0.8800130163362575	0.9560782566743801	0.7370261076782009	0.9289631789894847	0.9390446658681337	Mo2015_EXCpos_Ctx
26	0	Mo2015_EXCpos_Ctx_fold4	CNN	Mouse	cnn_v2/singleTask/Mo2015_EXCpos_Ctx_fold4/Mo2015_EXCpos_Ctx_fold4_OCP_NB1000_NE23_BR0.01_MR0.1_BM0.85_MM0.99_DO0.4.h5	0.776319064291635	0.9530445231417723	0.7146840979441766	0.9493790291577079	0.9485054553140552	Mo2015_EXCpos_Ctx
27	0	Mo2015_EXCpos_Ctx_fold5	CNN	Mouse	cnn_v2/singleTask/Mo2015_EXCpos_Ctx_fold5/Mo2015_EXCpos_Ctx_fold5_OCP_NB1000_NE23_BR0.01_MR0.1_BM0.85_MM0.99_DO0.1.h5	0.8627701264231429	0.9453596788817243	0.7715447341176274	0.9156446281868006	0.9213827435220461	Mo2015_EXCpos_Ctx
28	0	Mo2015_EXCpos_Ctx_fold5	CNN	Mouse	cnn_v2/singleTask/Mo2015_EXCpos_Ctx_fold5/Mo2015_EXCpos_Ctx_fold5_OCP_NB1000_NE23_BR0.01_MR0.1_BM0.85_MM0.99_DO0.15.h5	0.8755940177528747	0.948481550713967	0.7830715832376671	0.8980832309978388	0.9121388830865741	Mo2015_EXCpos_Ctx
29	0	Mo2015_EXCpos_Ctx_fold5	CNN	Mouse	cnn_v2/singleTask/Mo2015_EXCpos_Ctx_fold5/Mo2015_EXCpos_Ctx_fold5_OCP_NB1000_NE23_BR0.01_MR0.1_BM0.85_MM0.99_DO0.2.h5	0.8524341453271987	0.9498210972099386	0.792323683591954	0.9297975140626324	0.930943310283526	Mo2015_EXCpos_Ctx
30	0	Mo2015_EXCpos_Ctx_fold5	CNN	Mouse	cnn_v2/singleTask/Mo2015_EXCpos_Ctx_fold5/Mo2015_EXCpos_Ctx_fold5_OCP_NB1000_NE23_BR0.01_MR0.1_BM0.85_MM0.99_DO0.25.h5	0.8748714074555941	0.9508264899188964	0.7927823118015664	0.9159116085726293	0.9229852693513731	Mo2015_EXCpos_Ctx
31	0	Mo2015_EXCpos_Ctx_fold5	CNN	Mouse	cnn_v2/singleTask/Mo2015_EXCpos_Ctx_fold5/Mo2015_EXCpos_Ctx_fold5_OCP_NB1000_NE23_BR0.01_MR0.1_BM0.85_MM0.99_DO0.3.h5	0.8785274853494272	0.95123013953504	0.7943737905409671	0.9103081517803183	0.9198525032744196	Mo2015_EXCpos_Ctx
32	0	Mo2015_EXCpos_Ctx_fold5	CNN	Mouse	cnn_v2/singleTask/Mo2015_EXCpos_Ctx_fold5/Mo2015_EXCpos_Ctx_fold5_OCP_NB1000_NE23_BR0.01_MR0.1_BM0.85_MM0.99_DO0.4.h5	0.8285610770817149	0.9492707891473506	0.7825783619952331	0.773152633692546	0.845919662852633	Mo2015_EXCpos_Ctx
33	0	Mo2015_PVpos_Ctx_fold1	CNN	Mouse	cnn_v2/singleTask/Mo2015_PVpos_Ctx_fold1/Mo2015_PVpos_Ctx_fold1_OCP_NB1000_NE23_BR0.01_MR0.1_BM0.85_MM0.99_DO0.1.h5	0.8146321583589438	0.9141568261290904	0.688223403853137	0.8963932752140537	0.9027677272833289	Mo2015_PVpos_Ctx
34	0	Mo2015_PVpos_Ctx_fold1	CNN	Mouse	cnn_v2/singleTask/Mo2015_PVpos_Ctx_fold1/Mo2015_PVpos_Ctx_fold1_OCP_NB1000_NE23_BR0.01_MR0.1_BM0.85_MM0.99_DO0.2.h5	0.7936574085054908	0.9227258108373684	0.7166987963944383	0.9173526436643834	0.9167728351224279	Mo2015_PVpos_Ctx
35	0	Mo2015_PVpos_Ctx_fold1	CNN	Mouse	cnn_v2/singleTask/Mo2015_PVpos_Ctx_fold1/Mo2015_PVpos_Ctx_fold1_OCP_NB1000_NE23_BR0.01_MR0.1_BM0.85_MM0.99_DO0.25.h5	0.8095083811376119	0.9254116719242902	0.7270319931756926	0.9171081105631133	0.917495127008258	Mo2015_PVpos_Ctx
36	0	Mo2015_PVpos_Ctx_fold1	CNN	Mouse	cnn_v2/singleTask/Mo2015_PVpos_Ctx_fold1/Mo2015_PVpos_Ctx_fold1_OCP_NB1000_NE23_BR0.01_MR0.1_BM0.85_MM0.99_DO0.3.h5	0.683820584019761	0.9271449592040036	0.7322895656964894	0.9044220955947662	0.9061137489645225	Mo2015_PVpos_Ctx
37	0	Mo2015_PVpos_Ctx_fold1	CNN	Mouse	cnn_v2/singleTask/Mo2015_PVpos_Ctx_fold1/Mo2015_PVpos_Ctx_fold1_OCP_NB1000_NE23_BR0.01_MR0.1_BM0.85_MM0.99_DO0.4.h5	0.6302333402230227	0.925140416244532	0.7300604286796142	0.8862677719476528	0.8885270148228736	Mo2015_PVpos_Ctx
38	0	Mo2015_PVpos_Ctx_fold2	CNN	Mouse	cnn_v2/singleTask/Mo2015_PVpos_Ctx_fold2/Mo2015_PVpos_Ctx_fold2_OCP_NB1000_NE23_BR0.01_MR0.1_BM0.85_MM0.99_DO0.1.h5	0.8129654324541216	0.9122870068922805	0.6255018771163309	0.9058745782402172	0.915740173914151	Mo2015_PVpos_Ctx
39	0	Mo2015_PVpos_Ctx_fold2	CNN	Mouse	cnn_v2/singleTask/Mo2015_PVpos_Ctx_fold2/Mo2015_PVpos_Ctx_fold2_OCP_NB1000_NE23_BR0.01_MR0.1_BM0.85_MM0.99_DO0.2.h5	0.8125083740603307	0.9220799779324657	0.6587710966077133	0.9191930609536078	0.9240484243188228	Mo2015_PVpos_Ctx
40	0	Mo2015_PVpos_Ctx_fold2	CNN	Mouse	cnn_v2/singleTask/Mo2015_PVpos_Ctx_fold2/Mo2015_PVpos_Ctx_fold2_OCP_NB1000_NE23_BR0.01_MR0.1_BM0.85_MM0.99_DO0.25.h5	0.8254420564696416	0.9262320107676407	0.6715529848349594	0.9176605275610047	0.924257384838748	Mo2015_PVpos_Ctx
41	0	Mo2015_PVpos_Ctx_fold2	CNN	Mouse	cnn_v2/singleTask/Mo2015_PVpos_Ctx_fold2/Mo2015_PVpos_Ctx_fold2_OCP_NB1000_NE23_BR0.01_MR0.1_BM0.85_MM0.99_DO0.3.h5	0.8452136522571947	0.9260516244083301	0.6682327273070969	0.8841126435866188	0.9078877732443152	Mo2015_PVpos_Ctx
42	0	Mo2015_PVpos_Ctx_fold2	CNN	Mouse	cnn_v2/singleTask/Mo2015_PVpos_Ctx_fold2/Mo2015_PVpos_Ctx_fold2_OCP_NB1000_NE23_BR0.01_MR0.1_BM0.85_MM0.99_DO0.4.h5	0.6711211647952815	0.9226649883582768	0.6676182606966574	0.924039757343268	0.9242587974453983	Mo2015_PVpos_Ctx
43	0	Mo2015_PVpos_Ctx_fold2	CNN	Mouse	cnn_v2/singleTask/Mo2015_PVpos_Ctx_fold2/Mo2015_PVpos_Ctx_fold2_OCP_NB1000_NE23_BR0.01_MR0.1_BM0.85_MM0.99_DO0.5.h5	0.5522170965696511	0.9147318363296846	0.6335578188084617	0.8892425555926007	0.8835316116169932	Mo2015_PVpos_Ctx
44	0	Mo2015_PVpos_Ctx_fold3	CNN	Mouse	cnn_v2/singleTask/Mo2015_PVpos_Ctx_fold3/Mo2015_PVpos_Ctx_fold3_OCP_NB1000_NE23_BR0.01_MR0.1_BM0.85_MM0.99_DO0.1.h5	0.8201870174648878	0.9228099889573844	0.6021824294628725	0.9262179269034148	0.935028130799638	Mo2015_PVpos_Ctx
45	0	Mo2015_PVpos_Ctx_fold3	CNN	Mouse	cnn_v2/singleTask/Mo2015_PVpos_Ctx_fold3/Mo2015_PVpos_Ctx_fold3_OCP_NB1000_NE23_BR0.01_MR0.1_BM0.85_MM0.99_DO0.2.h5	0.826772392353939	0.9324319062038958	0.6400267629091905	0.9363723220483997	0.9417443373887262	Mo2015_PVpos_Ctx
46	0	Mo2015_PVpos_Ctx_fold3	CNN	Mouse	cnn_v2/singleTask/Mo2015_PVpos_Ctx_fold3/Mo2015_PVpos_Ctx_fold3_OCP_NB1000_NE23_BR0.01_MR0.1_BM0.85_MM0.99_DO0.25.h5	0.8386597172403651	0.9362030082309196	0.653304878498637	0.9339055564248422	0.9410677406269341	Mo2015_PVpos_Ctx
47	0	Mo2015_PVpos_Ctx_fold3	CNN	Mouse	cnn_v2/singleTask/Mo2015_PVpos_Ctx_fold3/Mo2015_PVpos_Ctx_fold3_OCP_NB1000_NE23_BR0.01_MR0.1_BM0.85_MM0.99_DO0.3.h5	0.7319979270912416	0.9363071925492237	0.6513925330580264	0.9497738047372535	0.948738715516297	Mo2015_PVpos_Ctx
48	0	Mo2015_PVpos_Ctx_fold3	CNN	Mouse	cnn_v2/singleTask/Mo2015_PVpos_Ctx_fold3/Mo2015_PVpos_Ctx_fold3_OCP_NB1000_NE23_BR0.01_MR0.1_BM0.85_MM0.99_DO0.4.h5	0.8067066641882834	0.9365158574534015	0.6513419536070982	0.9456830609174981	0.9469843747625846	Mo2015_PVpos_Ctx
49	0	Mo2015_PVpos_Ctx_fold4	CNN	Mouse	cnn_v2/singleTask/Mo2015_PVpos_Ctx_fold4/Mo2015_PVpos_Ctx_fold4_OCP_NB1000_NE23_BR0.01_MR0.1_BM0.85_MM0.99_DO0.1.h5	0.8387577403063318	0.9231783845060977	0.654591757179111	0.896921816896343	0.9150083909066664	Mo2015_PVpos_Ctx
50	0	Mo2015_PVpos_Ctx_fold4	CNN	Mouse	cnn_v2/singleTask/Mo2015_PVpos_Ctx_fold4/Mo2015_PVpos_Ctx_fold4_OCP_NB1000_NE23_BR0.01_MR0.1_BM0.85_MM0.99_DO0.2.h5	0.8437253087977813	0.9248378787456033	0.6620449642367708	0.8869553385536965	0.9105439565969353	Mo2015_PVpos_Ctx
51	0	Mo2015_PVpos_Ctx_fold4	CNN	Mouse	cnn_v2/singleTask/Mo2015_PVpos_Ctx_fold4/Mo2015_PVpos_Ctx_fold4_OCP_NB1000_NE23_BR0.01_MR0.1_BM0.85_MM0.99_DO0.25.h5	0.8535918759080153	0.9303921845928996	0.6798712369209621	0.8835303038095315	0.9100712417720449	Mo2015_PVpos_Ctx
52	0	Mo2015_PVpos_Ctx_fold4	CNN	Mouse	cnn_v2/singleTask/Mo2015_PVpos_Ctx_fold4/Mo2015_PVpos_Ctx_fold4_OCP_NB1000_NE23_BR0.01_MR0.1_BM0.85_MM0.99_DO0.3.h5	0.8467991240716632	0.9310521337069476	0.6822091818653961	0.906442385521317	0.9209974948720501	Mo2015_PVpos_Ctx
53	0	Mo2015_PVpos_Ctx_fold4	CNN	Mouse	cnn_v2/singleTask/Mo2015_PVpos_Ctx_fold4/Mo2015_PVpos_Ctx_fold4_OCP_NB1000_NE23_BR0.01_MR0.1_BM0.85_MM0.99_DO0.4.h5	0.8023730992159135	0.9225275654416147	0.6596744795448191	0.7618928730314259	0.8492523785695975	Mo2015_PVpos_Ctx
54	0	Mo2015_PVpos_Ctx_fold4	CNN	Mouse	cnn_v2/singleTask/Mo2015_PVpos_Ctx_fold4/Mo2015_PVpos_Ctx_fold4_OCP_NB1000_NE23_BR0.01_MR0.1_BM0.85_MM0.99_DO0.5.h5	0.5750936673028688	0.9213383909759083	0.6495389184317095	0.9023423792722066	0.8997983708721499	Mo2015_PVpos_Ctx
55	0	Mo2015_PVpos_Ctx_fold5	CNN	Mouse	cnn_v2/singleTask/Mo2015_PVpos_Ctx_fold5/Mo2015_PVpos_Ctx_fold5_OCP_NB1000_NE23_BR0.01_MR0.1_BM0.85_MM0.99_DO0.1.h5	0.8033557420833479	0.9092018029484874	0.6529612137716357	0.9007902845874314	0.9063881931481421	Mo2015_PVpos_Ctx
56	0	Mo2015_PVpos_Ctx_fold5	CNN	Mouse	cnn_v2/singleTask/Mo2015_PVpos_Ctx_fold5/Mo2015_PVpos_Ctx_fold5_OCP_NB1000_NE23_BR0.01_MR0.1_BM0.85_MM0.99_DO0.2.h5	0.8228152035542011	0.9218737872482247	0.6974480988550753	0.9090333026674388	0.9140697581033029	Mo2015_PVpos_Ctx
57	0	Mo2015_PVpos_Ctx_fold5	CNN	Mouse	cnn_v2/singleTask/Mo2015_PVpos_Ctx_fold5/Mo2015_PVpos_Ctx_fold5_OCP_NB1000_NE23_BR0.01_MR0.1_BM0.85_MM0.99_DO0.25.h5	0.7369174205455381	0.9231112378281693	0.701640038000595	0.9212443917051176	0.9203317955765871	Mo2015_PVpos_Ctx
58	0	Mo2015_PVpos_Ctx_fold5	CNN	Mouse	cnn_v2/singleTask/Mo2015_PVpos_Ctx_fold5/Mo2015_PVpos_Ctx_fold5_OCP_NB1000_NE23_BR0.01_MR0.1_BM0.85_MM0.99_DO0.3.h5	0.7701119173827258	0.926607728715773	0.7137926465131421	0.9252886377776037	0.9240842787935606	Mo2015_PVpos_Ctx
59	0	Mo2015_PVpos_Ctx_fold5	CNN	Mouse	cnn_v2/singleTask/Mo2015_PVpos_Ctx_fold5/Mo2015_PVpos_Ctx_fold5_OCP_NB1000_NE23_BR0.01_MR0.1_BM0.85_MM0.99_DO0.4.h5	0.6251693959990109	0.9204824689018937	0.6937331627207997	0.8929835282747944	0.8940567911588475	Mo2015_PVpos_Ctx
60	0	Mo2015_PVpos_Ctx_fold5	CNN	Mouse	cnn_v2/singleTask/Mo2015_PVpos_Ctx_fold5/Mo2015_PVpos_Ctx_fold5_OCP_NB1000_NE23_BR0.01_MR0.1_BM0.85_MM0.99_DO0.5.h5	0.8345815566707081	0.9188352055956466	0.67284727320143	0.8330940437235559	0.8758462364330386	Mo2015_PVpos_Ctx
61	0	Mo2015_VIPpos_Ctx_fold1	CNN	Mouse	cnn_v2/singleTask/Mo2015_VIPpos_Ctx_fold1/Mo2015_VIPpos_Ctx_fold1_OCP_NB1000_NE23_BR0.01_MR0.1_BM0.85_MM0.99_DO0.1.h5	0.8392915354023117	0.9226087940986523	0.6811241657361933	0.8860182502372876	0.9048345227236474	Mo2015_VIPpos_Ctx
62	0	Mo2015_VIPpos_Ctx_fold1	CNN	Mouse	cnn_v2/singleTask/Mo2015_VIPpos_Ctx_fold1/Mo2015_VIPpos_Ctx_fold1_OCP_NB1000_NE23_BR0.01_MR0.1_BM0.85_MM0.99_DO0.2.h5	0.8501671729185466	0.9305104592888791	0.7043927011942234	0.8868657734428701	0.9067599172719342	Mo2015_VIPpos_Ctx
63	0	Mo2015_VIPpos_Ctx_fold1	CNN	Mouse	cnn_v2/singleTask/Mo2015_VIPpos_Ctx_fold1/Mo2015_VIPpos_Ctx_fold1_OCP_NB1000_NE23_BR0.01_MR0.1_BM0.85_MM0.99_DO0.25.h5	0.8431997327669295	0.9326421104699704	0.7089914020253051	0.9116803467265793	0.9199530808573829	Mo2015_VIPpos_Ctx
64	0	Mo2015_VIPpos_Ctx_fold1	CNN	Mouse	cnn_v2/singleTask/Mo2015_VIPpos_Ctx_fold1/Mo2015_VIPpos_Ctx_fold1_OCP_NB1000_NE23_BR0.01_MR0.1_BM0.85_MM0.99_DO0.3.h5	0.8534863060855143	0.9348365228263054	0.7152581287012001	0.9019899311637171	0.9154004470206212	Mo2015_VIPpos_Ctx
65	0	Mo2015_VIPpos_Ctx_fold1	CNN	Mouse	cnn_v2/singleTask/Mo2015_VIPpos_Ctx_fold1/Mo2015_VIPpos_Ctx_fold1_OCP_NB1000_NE23_BR0.01_MR0.1_BM0.85_MM0.99_DO0.5.h5	0.782568804818868	0.9177104844773261	0.6462741959188734	0.7131468179291054	0.8178553509639105	Mo2015_VIPpos_Ctx
66	0	Mo2015_VIPpos_Ctx_fold2	CNN	Mouse	cnn_v2/singleTask/Mo2015_VIPpos_Ctx_fold2/Mo2015_VIPpos_Ctx_fold2_OCP_NB1000_NE23_BR0.01_MR0.1_BM0.85_MM0.99_DO0.1.h5	0.8403008560239863	0.9249910628645096	0.6777040734287724	0.9024993608987963	0.9159644150775826	Mo2015_VIPpos_Ctx
67	0	Mo2015_VIPpos_Ctx_fold2	CNN	Mouse	cnn_v2/singleTask/Mo2015_VIPpos_Ctx_fold2/Mo2015_VIPpos_Ctx_fold2_OCP_NB1000_NE23_BR0.01_MR0.1_BM0.85_MM0.99_DO0.2.h5	0.8510297588011025	0.9324229962213771	0.6958177079668222	0.8998081494689102	0.9157580936902857	Mo2015_VIPpos_Ctx
68	0	Mo2015_VIPpos_Ctx_fold2	CNN	Mouse	cnn_v2/singleTask/Mo2015_VIPpos_Ctx_fold2/Mo2015_VIPpos_Ctx_fold2_OCP_NB1000_NE23_BR0.01_MR0.1_BM0.85_MM0.99_DO0.25.h5	0.7706473015420487	0.927957463483932	0.6808073897301843	0.9329709945530507	0.9318741477274238	Mo2015_VIPpos_Ctx
69	0	Mo2015_VIPpos_Ctx_fold2	CNN	Mouse	cnn_v2/singleTask/Mo2015_VIPpos_Ctx_fold2/Mo2015_VIPpos_Ctx_fold2_OCP_NB1000_NE23_BR0.01_MR0.1_BM0.85_MM0.99_DO0.5.h5	0.7682733491530113	0.9268243810877705	0.6782999943582741	0.9337368689761505	0.932581974417513	Mo2015_VIPpos_Ctx
70	0	Mo2015_VIPpos_Ctx_fold3	CNN	Mouse	cnn_v2/singleTask/Mo2015_VIPpos_Ctx_fold3/Mo2015_VIPpos_Ctx_fold3_OCP_NB1000_NE23_BR0.01_MR0.1_BM0.85_MM0.99_DO0.1.h5	0.8484416467432018	0.9308273078535971	0.6522596123358277	0.9136103500793422	0.9287890189938167	Mo2015_VIPpos_Ctx
71	0	Mo2015_VIPpos_Ctx_fold3	CNN	Mouse	cnn_v2/singleTask/Mo2015_VIPpos_Ctx_fold3/Mo2015_VIPpos_Ctx_fold3_OCP_NB1000_NE23_BR0.01_MR0.1_BM0.85_MM0.99_DO0.2.h5	0.8493943792465404	0.9346240171502096	0.6658362922257313	0.923476952146397	0.9343213806073709	Mo2015_VIPpos_Ctx
72	0	Mo2015_VIPpos_Ctx_fold3	CNN	Mouse	cnn_v2/singleTask/Mo2015_VIPpos_Ctx_fold3/Mo2015_VIPpos_Ctx_fold3_OCP_NB1000_NE23_BR0.01_MR0.1_BM0.85_MM0.99_DO0.25.h5	0.8628510217887755	0.9387443233034791	0.6865913444115819	0.9107363353723134	0.9286612676690016	Mo2015_VIPpos_Ctx
73	0	Mo2015_VIPpos_Ctx_fold3	CNN	Mouse	cnn_v2/singleTask/Mo2015_VIPpos_Ctx_fold3/Mo2015_VIPpos_Ctx_fold3_OCP_NB1000_NE23_BR0.01_MR0.1_BM0.85_MM0.99_DO0.5.h5	0.7409564929860375	0.9292918573570191	0.6367835769841288	0.6393029714557851	0.7860775623146534	Mo2015_VIPpos_Ctx
74	0	Mo2015_VIPpos_Ctx_fold4	CNN	Mouse	cnn_v2/singleTask/Mo2015_VIPpos_Ctx_fold4/Mo2015_VIPpos_Ctx_fold4_OCP_NB1000_NE23_BR0.01_MR0.1_BM0.85_MM0.99_DO0.1.h5	0.8396292758910351	0.9221300637937967	0.6485655968927728	0.892942517960037	0.9112454986561584	Mo2015_VIPpos_Ctx
75	0	Mo2015_VIPpos_Ctx_fold4	CNN	Mouse	cnn_v2/singleTask/Mo2015_VIPpos_Ctx_fold4/Mo2015_VIPpos_Ctx_fold4_OCP_NB1000_NE23_BR0.01_MR0.1_BM0.85_MM0.99_DO0.15.h5	0.8488270454474303	0.9285997418444849	0.6800437762221387	0.8975458775470497	0.9147944750467853	Mo2015_VIPpos_Ctx
76	0	Mo2015_VIPpos_Ctx_fold4	CNN	Mouse	cnn_v2/singleTask/Mo2015_VIPpos_Ctx_fold4/Mo2015_VIPpos_Ctx_fold4_OCP_NB1000_NE23_BR0.01_MR0.1_BM0.85_MM0.99_DO0.2.h5	0.8484404410060503	0.932457408447618	0.6943356435367006	0.9085649732397687	0.9208268126329461	Mo2015_VIPpos_Ctx
77	0	Mo2015_VIPpos_Ctx_fold4	CNN	Mouse	cnn_v2/singleTask/Mo2015_VIPpos_Ctx_fold4/Mo2015_VIPpos_Ctx_fold4_OCP_NB1000_NE23_BR0.01_MR0.1_BM0.85_MM0.99_DO0.25.h5	0.8096861082941895	0.932382575130763	0.6879914485862845	0.93091830389463	0.9320587017174274	Mo2015_VIPpos_Ctx
78	0	Mo2015_VIPpos_Ctx_fold5	CNN	Mouse	cnn_v2/singleTask/Mo2015_VIPpos_Ctx_fold5/Mo2015_VIPpos_Ctx_fold5_OCP_NB1000_NE23_BR0.01_MR0.1_BM0.85_MM0.99_DO0.1.h5	0.8111017188134285	0.9161407238376341	0.6868408474826649	0.9107362394652371	0.9134883583918819	Mo2015_VIPpos_Ctx
79	0	Mo2015_VIPpos_Ctx_fold5	CNN	Mouse	cnn_v2/singleTask/Mo2015_VIPpos_Ctx_fold5/Mo2015_VIPpos_Ctx_fold5_OCP_NB1000_NE23_BR0.01_MR0.1_BM0.85_MM0.99_DO0.2.h5	0.8406242361526892	0.9248098690135079	0.7109380374801635	0.8980926571233595	0.9085387334532367	Mo2015_VIPpos_Ctx
80	0	Mo2015_VIPpos_Ctx_fold5	CNN	Mouse	cnn_v2/singleTask/Mo2015_VIPpos_Ctx_fold5/Mo2015_VIPpos_Ctx_fold5_OCP_NB1000_NE23_BR0.01_MR0.1_BM0.85_MM0.99_DO0.25.h5	0.8243753152410821	0.9250229011520166	0.7145310198354303	0.9148388599134203	0.9177604342074306	Mo2015_VIPpos_Ctx
81	0	Mo2015_VIPpos_Ctx_fold5	CNN	Mouse	cnn_v2/singleTask/Mo2015_VIPpos_Ctx_fold5/Mo2015_VIPpos_Ctx_fold5_OCP_NB1000_NE23_BR0.01_MR0.1_BM0.85_MM0.99_DO0.5.h5	0.8177663271471205	0.9201783766320395	0.6912350339811266	0.7863582210681488	0.8514596177372177	Mo2015_VIPpos_Ctx
82	0	Pfenning_D1pos_Cpu_fold1	CNN	Mouse	cnn_v2/singleTask/Pfenning_D1pos_Cpu_fold1/Pfenning_D1pos_Cpu_fold1_OCP_NB1000_NE23_BR0.01_MR0.1_BM0.85_MM0.99_DO0.1.h5	0.8298366565173021	0.9288113397501829	0.7254720482834367	0.9134198376359075	0.9170680651846064	Pfenning_D1pos_Cpu
83	0	Pfenning_D1pos_Cpu_fold1	CNN	Mouse	cnn_v2/singleTask/Pfenning_D1pos_Cpu_fold1/Pfenning_D1pos_Cpu_fold1_OCP_NB1000_NE23_BR0.01_MR0.1_BM0.85_MM0.99_DO0.2.h5	0.8616513278004878	0.9386026198483607	0.7581673682533334	0.8924575451001802	0.9079360465829619	Pfenning_D1pos_Cpu
84	0	Pfenning_D1pos_Cpu_fold1	CNN	Mouse	cnn_v2/singleTask/Pfenning_D1pos_Cpu_fold1/Pfenning_D1pos_Cpu_fold1_OCP_NB1000_NE23_BR0.01_MR0.1_BM0.85_MM0.99_DO0.25.h5	0.862409686707946	0.9392931934331691	0.764236192561326	0.8968595476433128	0.9105311675245569	Pfenning_D1pos_Cpu
85	0	Pfenning_D1pos_Cpu_fold1	CNN	Mouse	cnn_v2/singleTask/Pfenning_D1pos_Cpu_fold1/Pfenning_D1pos_Cpu_fold1_OCP_NB1000_NE23_BR0.01_MR0.1_BM0.85_MM0.99_DO0.5.h5	0.8470979388646709	0.9305989129092949	0.7357601950384213	0.9021668729078454	0.911605373108114	Pfenning_D1pos_Cpu
86	0	Pfenning_D1pos_Cpu_fold2	CNN	Mouse	cnn_v2/singleTask/Pfenning_D1pos_Cpu_fold2/Pfenning_D1pos_Cpu_fold2_OCP_NB1000_NE23_BR0.01_MR0.1_BM0.85_MM0.99_DO0.1.h5	0.8604486891157161	0.9373678571948096	0.695764736729493	0.8964760326999149	0.9169400997224653	Pfenning_D1pos_Cpu
87	0	Pfenning_D1pos_Cpu_fold2	CNN	Mouse	cnn_v2/singleTask/Pfenning_D1pos_Cpu_fold2/Pfenning_D1pos_Cpu_fold2_OCP_NB1000_NE23_BR0.01_MR0.1_BM0.85_MM0.99_DO0.2.h5	0.8685529072998115	0.9445996010597751	0.7218556383267335	0.9039506009497753	0.9217660559639831	Pfenning_D1pos_Cpu
88	0	Pfenning_D1pos_Cpu_fold2	CNN	Mouse	cnn_v2/singleTask/Pfenning_D1pos_Cpu_fold2/Pfenning_D1pos_Cpu_fold2_OCP_NB1000_NE23_BR0.01_MR0.1_BM0.85_MM0.99_DO0.25.h5	0.8467823150132736	0.9437618703816861	0.7246309066284633	0.9339445390332517	0.9376967043108022	Pfenning_D1pos_Cpu
89	0	Pfenning_D1pos_Cpu_fold2	CNN	Mouse	cnn_v2/singleTask/Pfenning_D1pos_Cpu_fold2/Pfenning_D1pos_Cpu_fold2_OCP_NB1000_NE23_BR0.01_MR0.1_BM0.85_MM0.99_DO0.5.h5	0.7952320693316881	0.9395705632650518	0.702062092471536	0.9407741218543756	0.940169195657259	Pfenning_D1pos_Cpu
90	0	Pfenning_D1pos_Cpu_fold3	CNN	Mouse	cnn_v2/singleTask/Pfenning_D1pos_Cpu_fold3/Pfenning_D1pos_Cpu_fold3_OCP_NB1000_NE23_BR0.01_MR0.1_BM0.85_MM0.99_DO0.1.h5	0.8370251747993427	0.9448881508171557	0.7086069939512001	0.9411180812904694	0.9437921955870249	Pfenning_D1pos_Cpu
91	0	Pfenning_D1pos_Cpu_fold3	CNN	Mouse	cnn_v2/singleTask/Pfenning_D1pos_Cpu_fold3/Pfenning_D1pos_Cpu_fold3_OCP_NB1000_NE23_BR0.01_MR0.1_BM0.85_MM0.99_DO0.2.h5	0.8697915583977477	0.9455805425025027	0.7129309497858713	0.880523785475119	0.9134904508197756	Pfenning_D1pos_Cpu
92	0	Pfenning_D1pos_Cpu_fold3	CNN	Mouse	cnn_v2/singleTask/Pfenning_D1pos_Cpu_fold3/Pfenning_D1pos_Cpu_fold3_OCP_NB1000_NE23_BR0.01_MR0.1_BM0.85_MM0.99_DO0.25.h5	0.8758470298478991	0.9509613739583905	0.7294249831100176	0.9169359776490871	0.9321008367846811	Pfenning_D1pos_Cpu
93	0	Pfenning_D1pos_Cpu_fold3	CNN	Mouse	cnn_v2/singleTask/Pfenning_D1pos_Cpu_fold3/Pfenning_D1pos_Cpu_fold3_OCP_NB1000_NE23_BR0.01_MR0.1_BM0.85_MM0.99_DO0.5.h5	0.7658197956376912	0.9356262418389866	0.6702187488105092	0.6794589674611529	0.8088948540909257	Pfenning_D1pos_Cpu
94	0	Pfenning_D1pos_Cpu_fold4	CNN	Mouse	cnn_v2/singleTask/Pfenning_D1pos_Cpu_fold4/Pfenning_D1pos_Cpu_fold4_OCP_NB1000_NE23_BR0.01_MR0.1_BM0.85_MM0.99_DO0.1.h5	0.8563996198890041	0.9375793012832846	0.68649867323729	0.9186880175989977	0.9300052774017696	Pfenning_D1pos_Cpu
95	0	Pfenning_D1pos_Cpu_fold4	CNN	Mouse	cnn_v2/singleTask/Pfenning_D1pos_Cpu_fold4/Pfenning_D1pos_Cpu_fold4_OCP_NB1000_NE23_BR0.01_MR0.1_BM0.85_MM0.99_DO0.2.h5	0.8655331317067244	0.9450391302429788	0.7150190936542747	0.9256217566091903	0.9349669286120907	Pfenning_D1pos_Cpu
96	0	Pfenning_D1pos_Cpu_fold4	CNN	Mouse	cnn_v2/singleTask/Pfenning_D1pos_Cpu_fold4/Pfenning_D1pos_Cpu_fold4_OCP_NB1000_NE23_BR0.01_MR0.1_BM0.85_MM0.99_DO0.25.h5	0.8371469907156298	0.9462929746240716	0.7206322403374491	0.9435282160905307	0.944956022820335	Pfenning_D1pos_Cpu
97	0	Pfenning_D1pos_Cpu_fold4	CNN	Mouse	cnn_v2/singleTask/Pfenning_D1pos_Cpu_fold4/Pfenning_D1pos_Cpu_fold4_OCP_NB1000_NE23_BR0.01_MR0.1_BM0.85_MM0.99_DO0.5.h5	0.6537618405009133	0.9388900098402657	0.6881277282546026	0.9276245237646573	0.927691807171744	Pfenning_D1pos_Cpu
98	0	Pfenning_D1pos_Cpu_fold5	CNN	Mouse	cnn_v2/singleTask/Pfenning_D1pos_Cpu_fold5/Pfenning_D1pos_Cpu_fold5_OCP_NB1000_NE23_BR0.01_MR0.1_BM0.85_MM0.99_DO0.1.h5	0.8349949339897733	0.9315470929006413	0.7291934486591287	0.9146745533115533	0.9192496981807848	Pfenning_D1pos_Cpu
99	0	Pfenning_D1pos_Cpu_fold5	CNN	Mouse	cnn_v2/singleTask/Pfenning_D1pos_Cpu_fold5/Pfenning_D1pos_Cpu_fold5_OCP_NB1000_NE23_BR0.01_MR0.1_BM0.85_MM0.99_DO0.15.h5	0.8431880310192161	0.9361424907813797	0.7450889220609223	0.918121169018207	0.9224870247575728	Pfenning_D1pos_Cpu
100	0	Pfenning_D1pos_Cpu_fold5	CNN	Mouse	cnn_v2/singleTask/Pfenning_D1pos_Cpu_fold5/Pfenning_D1pos_Cpu_fold5_OCP_NB1000_NE23_BR0.01_MR0.1_BM0.85_MM0.99_DO0.2.h5	0.8615123828923126	0.937442168260156	0.7487239234865462	0.8806477447573127	0.9027289365189732	Pfenning_D1pos_Cpu
101	0	Pfenning_D1pos_Cpu_fold5	CNN	Mouse	cnn_v2/singleTask/Pfenning_D1pos_Cpu_fold5/Pfenning_D1pos_Cpu_fold5_OCP_NB1000_NE23_BR0.01_MR0.1_BM0.85_MM0.99_DO0.25.h5	0.8600599679915761	0.9406076288649461	0.7585137218989793	0.9062070510188428	0.9166708047153894	Pfenning_D1pos_Cpu
102	0	Pfenning_D1pos_Cpu_fold5	CNN	Mouse	cnn_v2/singleTask/Pfenning_D1pos_Cpu_fold5/Pfenning_D1pos_Cpu_fold5_OCP_NB1000_NE23_BR0.01_MR0.1_BM0.85_MM0.99_DO0.5.h5	0.5	0.5	0.5549086423882594	0.8384641972445072	0.8102205097733608	Pfenning_D1pos_Cpu
103	0	Pfenning_D1pos_Nac_fold1	CNN	Mouse	cnn_v2/singleTask/Pfenning_D1pos_Nac_fold1/Pfenning_D1pos_Nac_fold1_OCP_NB1000_NE23_BR0.01_MR0.1_BM0.85_MM0.99_DO0.1.h5	0.8490300306681411	0.9291602204584288	0.7309886527494575	0.8968879625844626	0.9087228137624455	Pfenning_D1pos_Nac
104	0	Pfenning_D1pos_Nac_fold1	CNN	Mouse	cnn_v2/singleTask/Pfenning_D1pos_Nac_fold1/Pfenning_D1pos_Nac_fold1_OCP_NB1000_NE23_BR0.01_MR0.1_BM0.85_MM0.99_DO0.2.h5	0.8445873497406572	0.9363510027042437	0.7539330087701068	0.9234537263306913	0.9258779472363764	Pfenning_D1pos_Nac
105	0	Pfenning_D1pos_Nac_fold1	CNN	Mouse	cnn_v2/singleTask/Pfenning_D1pos_Nac_fold1/Pfenning_D1pos_Nac_fold1_OCP_NB1000_NE23_BR0.01_MR0.1_BM0.85_MM0.99_DO0.25.h5	0.8440766129167465	0.9378107727672791	0.7591590634002613	0.9226301902906501	0.9252104961266336	Pfenning_D1pos_Nac
106	0	Pfenning_D1pos_Nac_fold1	CNN	Mouse	cnn_v2/singleTask/Pfenning_D1pos_Nac_fold1/Pfenning_D1pos_Nac_fold1_OCP_NB1000_NE23_BR0.01_MR0.1_BM0.85_MM0.99_DO0.5.h5	0.7238525771871129	0.9269345729829395	0.7235718667672408	0.5994853721748521	0.7445967531876668	Pfenning_D1pos_Nac
107	0	Pfenning_D1pos_Nac_fold2	CNN	Mouse	cnn_v2/singleTask/Pfenning_D1pos_Nac_fold2/Pfenning_D1pos_Nac_fold2_OCP_NB1000_NE23_BR0.01_MR0.1_BM0.85_MM0.99_DO0.1.h5	0.8399402115550528	0.9345592922758862	0.6901147392109539	0.925060373460446	0.931023452082857	Pfenning_D1pos_Nac
108	0	Pfenning_D1pos_Nac_fold2	CNN	Mouse	cnn_v2/singleTask/Pfenning_D1pos_Nac_fold2/Pfenning_D1pos_Nac_fold2_OCP_NB1000_NE23_BR0.01_MR0.1_BM0.85_MM0.99_DO0.2.h5	0.8471417374935528	0.9426100514792879	0.7215693728355006	0.9308822401296905	0.9355408665400684	Pfenning_D1pos_Nac
109	0	Pfenning_D1pos_Nac_fold2	CNN	Mouse	cnn_v2/singleTask/Pfenning_D1pos_Nac_fold2/Pfenning_D1pos_Nac_fold2_OCP_NB1000_NE23_BR0.01_MR0.1_BM0.85_MM0.99_DO0.25.h5	0.8407851142444248	0.9443181116255597	0.7216959192562586	0.93733123472896	0.9396658604401891	Pfenning_D1pos_Nac
110	0	Pfenning_D1pos_Nac_fold2	CNN	Mouse	cnn_v2/singleTask/Pfenning_D1pos_Nac_fold2/Pfenning_D1pos_Nac_fold2_OCP_NB1000_NE23_BR0.01_MR0.1_BM0.85_MM0.99_DO0.5.h5	0.5	0.5	0.5430935239437104	0.8726601108294573	0.8497007513174623	Pfenning_D1pos_Nac
111	0	Pfenning_D1pos_Nac_fold3	CNN	Mouse	cnn_v2/singleTask/Pfenning_D1pos_Nac_fold3/Pfenning_D1pos_Nac_fold3_OCP_NB1000_NE23_BR0.01_MR0.1_BM0.85_MM0.99_DO0.1.h5	0.8352585349294185	0.941588239268546	0.6914673678493017	0.9405428512565146	0.943823015990185	Pfenning_D1pos_Nac
112	0	Pfenning_D1pos_Nac_fold3	CNN	Mouse	cnn_v2/singleTask/Pfenning_D1pos_Nac_fold3/Pfenning_D1pos_Nac_fold3_OCP_NB1000_NE23_BR0.01_MR0.1_BM0.85_MM0.99_DO0.2.h5	0.8660531561432405	0.9481138676562089	0.7171808584857318	0.9249990740877515	0.9364815946669739	Pfenning_D1pos_Nac
113	0	Pfenning_D1pos_Nac_fold3	CNN	Mouse	cnn_v2/singleTask/Pfenning_D1pos_Nac_fold3/Pfenning_D1pos_Nac_fold3_OCP_NB1000_NE23_BR0.01_MR0.1_BM0.85_MM0.99_DO0.25.h5	0.8738334763479179	0.950384446033979	0.7261201021387561	0.9284953210755233	0.9391787481494983	Pfenning_D1pos_Nac
114	0	Pfenning_D1pos_Nac_fold4	CNN	Mouse	cnn_v2/singleTask/Pfenning_D1pos_Nac_fold4/Pfenning_D1pos_Nac_fold4_OCP_NB1000_NE23_BR0.01_MR0.1_BM0.85_MM0.99_DO0.1.h5	0.8514096356408167	0.9319389278396963	0.7006061808137601	0.9084258329638557	0.9214690897627031	Pfenning_D1pos_Nac
115	0	Pfenning_D1pos_Nac_fold4	CNN	Mouse	cnn_v2/singleTask/Pfenning_D1pos_Nac_fold4/Pfenning_D1pos_Nac_fold4_OCP_NB1000_NE23_BR0.01_MR0.1_BM0.85_MM0.99_DO0.2.h5	0.85861902198476	0.9411266893244135	0.7328611738771844	0.9249256174100712	0.9321201288150288	Pfenning_D1pos_Nac
116	0	Pfenning_D1pos_Nac_fold4	CNN	Mouse	cnn_v2/singleTask/Pfenning_D1pos_Nac_fold4/Pfenning_D1pos_Nac_fold4_OCP_NB1000_NE23_BR0.01_MR0.1_BM0.85_MM0.99_DO0.25.h5	0.8257591895836511	0.942439851203417	0.7414558894649901	0.9434949424485525	0.9434949424485525	Pfenning_D1pos_Nac
117	0	Pfenning_D1pos_Nac_fold4	CNN	Mouse	cnn_v2/singleTask/Pfenning_D1pos_Nac_fold4/Pfenning_D1pos_Nac_fold4_OCP_NB1000_NE23_BR0.01_MR0.1_BM0.85_MM0.99_DO0.5.h5	0.7709505810689827	0.9330077586317252	0.7072910532309931	0.9403135077025093	0.9393071881966497	Pfenning_D1pos_Nac
118	0	Pfenning_D1pos_Nac_fold5	CNN	Mouse	cnn_v2/singleTask/Pfenning_D1pos_Nac_fold5/Pfenning_D1pos_Nac_fold5_OCP_NB1000_NE23_BR0.01_MR0.1_BM0.85_MM0.99_DO0.1.h5	0.8525960407388025	0.9311674183670883	0.7218423663977794	0.8683302015177198	0.8959214042822299	Pfenning_D1pos_Nac
119	0	Pfenning_D1pos_Nac_fold5	CNN	Mouse	cnn_v2/singleTask/Pfenning_D1pos_Nac_fold5/Pfenning_D1pos_Nac_fold5_OCP_NB1000_NE23_BR0.01_MR0.1_BM0.85_MM0.99_DO0.2.h5	0.8629377276483556	0.938852647002099	0.7478452723172685	0.8701504180771605	0.8984207138626633	Pfenning_D1pos_Nac
120	0	Pfenning_D1pos_Nac_fold5	CNN	Mouse	cnn_v2/singleTask/Pfenning_D1pos_Nac_fold5/Pfenning_D1pos_Nac_fold5_OCP_NB1000_NE23_BR0.01_MR0.1_BM0.85_MM0.99_DO0.25.h5	0.8619602540660648	0.9389797446561293	0.7556898205881175	0.9042015169493214	0.9162424805361016	Pfenning_D1pos_Nac
121	0	Pfenning_D1pos_Nac_fold5	CNN	Mouse	cnn_v2/singleTask/Pfenning_D1pos_Nac_fold5/Pfenning_D1pos_Nac_fold5_OCP_NB1000_NE23_BR0.01_MR0.1_BM0.85_MM0.99_DO0.5.h5	0.7902740290779999	0.9336097495091122	0.7297378437540688	0.7191262586893188	0.8193481137813643	Pfenning_D1pos_Nac
122	0	Pfenning_D2pos_Cpu_fold1	CNN	Mouse	cnn_v2/singleTask/Pfenning_D2pos_Cpu_fold1/Pfenning_D2pos_Cpu_fold1_OCP_NB1000_NE23_BR0.01_MR0.1_BM0.85_MM0.99_DO0.1.h5	0.840548968315112	0.9365772027585605	0.7524725368981473	0.9203842258457922	0.9232896423111923	Pfenning_D2pos_Cpu
123	0	Pfenning_D2pos_Cpu_fold1	CNN	Mouse	cnn_v2/singleTask/Pfenning_D2pos_Cpu_fold1/Pfenning_D2pos_Cpu_fold1_OCP_NB1000_NE23_BR0.01_MR0.1_BM0.85_MM0.99_DO0.2.h5	0.8490638520199401	0.9381957858008894	0.7575598530157357	0.8360030499621356	0.8784972867303315	Pfenning_D2pos_Cpu
124	0	Pfenning_D2pos_Cpu_fold1	CNN	Mouse	cnn_v2/singleTask/Pfenning_D2pos_Cpu_fold1/Pfenning_D2pos_Cpu_fold1_OCP_NB1000_NE23_BR0.01_MR0.1_BM0.85_MM0.99_DO0.25.h5	0.8644090902938939	0.9415401718442468	0.7702227531656649	0.8708177366288115	0.8972828928300637	Pfenning_D2pos_Cpu
125	0	Pfenning_D2pos_Cpu_fold1	CNN	Mouse	cnn_v2/singleTask/Pfenning_D2pos_Cpu_fold1/Pfenning_D2pos_Cpu_fold1_OCP_NB1000_NE23_BR0.01_MR0.1_BM0.85_MM0.99_DO0.5.h5	0.8491331447525265	0.934583184736485	0.7481315142149135	0.9101657068685093	0.917084010885846	Pfenning_D2pos_Cpu
126	0	Pfenning_D2pos_Cpu_fold2	CNN	Mouse	cnn_v2/singleTask/Pfenning_D2pos_Cpu_fold2/Pfenning_D2pos_Cpu_fold2_OCP_NB1000_NE23_BR0.01_MR0.1_BM0.85_MM0.99_DO0.1.h5	0.8397924545488069	0.940297047496548	0.7156960486905248	0.9335442094489801	0.9367824064427259	Pfenning_D2pos_Cpu
127	0	Pfenning_D2pos_Cpu_fold2	CNN	Mouse	cnn_v2/singleTask/Pfenning_D2pos_Cpu_fold2/Pfenning_D2pos_Cpu_fold2_OCP_NB1000_NE23_BR0.01_MR0.1_BM0.85_MM0.99_DO0.2.h5	0.8282523317739321	0.9456705297120932	0.7362219727362159	0.9427552182818904	0.9431866282195466	Pfenning_D2pos_Cpu
128	0	Pfenning_D2pos_Cpu_fold2	CNN	Mouse	cnn_v2/singleTask/Pfenning_D2pos_Cpu_fold2/Pfenning_D2pos_Cpu_fold2_OCP_NB1000_NE23_BR0.01_MR0.1_BM0.85_MM0.99_DO0.25.h5	0.8724050347973509	0.9468167844858751	0.7411369138205848	0.912290674181587	0.9265756641575917	Pfenning_D2pos_Cpu
129	0	Pfenning_D2pos_Cpu_fold2	CNN	Mouse	cnn_v2/singleTask/Pfenning_D2pos_Cpu_fold2/Pfenning_D2pos_Cpu_fold2_OCP_NB1000_NE23_BR0.01_MR0.1_BM0.85_MM0.99_DO0.5.h5	0.8227118106126483	0.9416824958026021	0.7175004202409467	0.9399877180486172	0.940609617826774	Pfenning_D2pos_Cpu
130	0	Pfenning_D2pos_Cpu_fold3	CNN	Mouse	cnn_v2/singleTask/Pfenning_D2pos_Cpu_fold3/Pfenning_D2pos_Cpu_fold3_OCP_NB1000_NE23_BR0.01_MR0.1_BM0.85_MM0.99_DO0.1.h5	0.8369244213965572	0.9413995160899858	0.7097733003463349	0.9386438767426662	0.9413651751040386	Pfenning_D2pos_Cpu
131	0	Pfenning_D2pos_Cpu_fold3	CNN	Mouse	cnn_v2/singleTask/Pfenning_D2pos_Cpu_fold3/Pfenning_D2pos_Cpu_fold3_OCP_NB1000_NE23_BR0.01_MR0.1_BM0.85_MM0.99_DO0.2.h5	0.8777379673615955	0.9498325934786969	0.7406255907845432	0.9024547155939947	0.9237178336926969	Pfenning_D2pos_Cpu
132	0	Pfenning_D2pos_Cpu_fold3	CNN	Mouse	cnn_v2/singleTask/Pfenning_D2pos_Cpu_fold3/Pfenning_D2pos_Cpu_fold3_OCP_NB1000_NE23_BR0.01_MR0.1_BM0.85_MM0.99_DO0.25.h5	0.8690779702114455	0.9499458598578335	0.7403039762526508	0.9306870085804366	0.9385525954555611	Pfenning_D2pos_Cpu
133	0	Pfenning_D2pos_Cpu_fold3	CNN	Mouse	cnn_v2/singleTask/Pfenning_D2pos_Cpu_fold3/Pfenning_D2pos_Cpu_fold3_OCP_NB1000_NE23_BR0.01_MR0.1_BM0.85_MM0.99_DO0.5.h5	0.5	0.5	0.5397154471544715	0.8824962099428386	0.861127503902635	Pfenning_D2pos_Cpu
134	0	Pfenning_D2pos_Cpu_fold4	CNN	Mouse	cnn_v2/singleTask/Pfenning_D2pos_Cpu_fold4/Pfenning_D2pos_Cpu_fold4_OCP_NB1000_NE23_BR0.01_MR0.1_BM0.85_MM0.99_DO0.1.h5	0.8660943803003291	0.9391676065958613	0.7094209483975343	0.8992774018502089	0.919938808538873	Pfenning_D2pos_Cpu
135	0	Pfenning_D2pos_Cpu_fold4	CNN	Mouse	cnn_v2/singleTask/Pfenning_D2pos_Cpu_fold4/Pfenning_D2pos_Cpu_fold4_OCP_NB1000_NE23_BR0.01_MR0.1_BM0.85_MM0.99_DO0.2.h5	0.8705470655479448	0.9458288307774682	0.7323084397260932	0.8782414163586169	0.9102810667837165	Pfenning_D2pos_Cpu
136	0	Pfenning_D2pos_Cpu_fold4	CNN	Mouse	cnn_v2/singleTask/Pfenning_D2pos_Cpu_fold4/Pfenning_D2pos_Cpu_fold4_OCP_NB1000_NE23_BR0.01_MR0.1_BM0.85_MM0.99_DO0.25.h5	0.8751775830837634	0.9488230273674321	0.7477399818315578	0.9090088654935086	0.9260147723894755	Pfenning_D2pos_Cpu
137	0	Pfenning_D2pos_Cpu_fold4	CNN	Mouse	cnn_v2/singleTask/Pfenning_D2pos_Cpu_fold4/Pfenning_D2pos_Cpu_fold4_OCP_NB1000_NE23_BR0.01_MR0.1_BM0.85_MM0.99_DO0.5.h5	0.5	0.5	0.5412878787878788	0.8779144666738503	0.8558009224894143	Pfenning_D2pos_Cpu
138	0	Pfenning_D2pos_Cpu_fold5	CNN	Mouse	cnn_v2/singleTask/Pfenning_D2pos_Cpu_fold5/Pfenning_D2pos_Cpu_fold5_OCP_NB1000_NE23_BR0.01_MR0.1_BM0.85_MM0.99_DO0.1.h5	0.8545440660196221	0.9342132217374587	0.7310606158484909	0.9044401365594069	0.915679290960091	Pfenning_D2pos_Cpu
139	0	Pfenning_D2pos_Cpu_fold5	CNN	Mouse	cnn_v2/singleTask/Pfenning_D2pos_Cpu_fold5/Pfenning_D2pos_Cpu_fold5_OCP_NB1000_NE23_BR0.01_MR0.1_BM0.85_MM0.99_DO0.2.h5	0.8489852209008368	0.9405500966168387	0.7582767399728174	0.9275093057695345	0.930343651184732	Pfenning_D2pos_Cpu
140	0	Pfenning_D2pos_Cpu_fold5	CNN	Mouse	cnn_v2/singleTask/Pfenning_D2pos_Cpu_fold5/Pfenning_D2pos_Cpu_fold5_OCP_NB1000_NE23_BR0.01_MR0.1_BM0.85_MM0.99_DO0.25.h5	0.84650501941049	0.94167982078567	0.7537212961439359	0.8203476924174691	0.8736285788611979	Pfenning_D2pos_Cpu
141	0	Pfenning_D2pos_Nac_fold1	CNN	Mouse	cnn_v2/singleTask/Pfenning_D2pos_Nac_fold1/Pfenning_D2pos_Nac_fold1_OCP_NB1000_NE23_BR0.01_MR0.1_BM0.85_MM0.99_DO0.1.h5	0.8563713454577145	0.9365612339553462	0.7465114328966769	0.9142237664379838	0.9209500693936054	Pfenning_D2pos_Nac
142	0	Pfenning_D2pos_Nac_fold1	CNN	Mouse	cnn_v2/singleTask/Pfenning_D2pos_Nac_fold1/Pfenning_D2pos_Nac_fold1_OCP_NB1000_NE23_BR0.01_MR0.1_BM0.85_MM0.99_DO0.2.h5	0.8595964820951048	0.9411766074731638	0.7668760813999735	0.8548300743273848	0.8894487554471332	Pfenning_D2pos_Nac
143	0	Pfenning_D2pos_Nac_fold1	CNN	Mouse	cnn_v2/singleTask/Pfenning_D2pos_Nac_fold1/Pfenning_D2pos_Nac_fold1_OCP_NB1000_NE23_BR0.01_MR0.1_BM0.85_MM0.99_DO0.25.h5	0.8684938526374444	0.9453566638449857	0.7756984789866492	0.9159185196594293	0.9234524935558878	Pfenning_D2pos_Nac
144	0	Pfenning_D2pos_Nac_fold1	CNN	Mouse	cnn_v2/singleTask/Pfenning_D2pos_Nac_fold1/Pfenning_D2pos_Nac_fold1_OCP_NB1000_NE23_BR0.01_MR0.1_BM0.85_MM0.99_DO0.5.h5	0.5	0.5	0.5558492516623199	0.02244593405073817	0.01517202153182717	Pfenning_D2pos_Nac
145	0	Pfenning_D2pos_Nac_fold2	CNN	Mouse	cnn_v2/singleTask/Pfenning_D2pos_Nac_fold2/Pfenning_D2pos_Nac_fold2_OCP_NB1000_NE23_BR0.01_MR0.1_BM0.85_MM0.99_DO0.1.h5	0.8619950157042395	0.9438556727161271	0.7209493616999185	0.9245094424867253	0.9329008390872197	Pfenning_D2pos_Nac
146	0	Pfenning_D2pos_Nac_fold2	CNN	Mouse	cnn_v2/singleTask/Pfenning_D2pos_Nac_fold2/Pfenning_D2pos_Nac_fold2_OCP_NB1000_NE23_BR0.01_MR0.1_BM0.85_MM0.99_DO0.2.h5	0.8739623172957256	0.9490694121240251	0.7482373844319653	0.9194062834455352	0.9310328930956493	Pfenning_D2pos_Nac
147	0	Pfenning_D2pos_Nac_fold2	CNN	Mouse	cnn_v2/singleTask/Pfenning_D2pos_Nac_fold2/Pfenning_D2pos_Nac_fold2_OCP_NB1000_NE23_BR0.01_MR0.1_BM0.85_MM0.99_DO0.25.h5	0.8735050959810535	0.9496410024353907	0.7578561057499337	0.9225376889160201	0.9328297408371142	Pfenning_D2pos_Nac
148	0	Pfenning_D2pos_Nac_fold2	CNN	Mouse	cnn_v2/singleTask/Pfenning_D2pos_Nac_fold2/Pfenning_D2pos_Nac_fold2_OCP_NB1000_NE23_BR0.01_MR0.1_BM0.85_MM0.99_DO0.5.h5	0.7475449454973147	0.9424857061037941	0.7238926893183559	0.9419238893354179	0.9413427564036119	Pfenning_D2pos_Nac
149	0	Pfenning_D2pos_Nac_fold3	CNN	Mouse	cnn_v2/singleTask/Pfenning_D2pos_Nac_fold3/Pfenning_D2pos_Nac_fold3_OCP_NB1000_NE23_BR0.01_MR0.1_BM0.85_MM0.99_DO0.1.h5	0.8514502614337336	0.9465535427637748	0.730523206439331	0.9387737774792045	0.9427011208983613	Pfenning_D2pos_Nac
150	0	Pfenning_D2pos_Nac_fold3	CNN	Mouse	cnn_v2/singleTask/Pfenning_D2pos_Nac_fold3/Pfenning_D2pos_Nac_fold3_OCP_NB1000_NE23_BR0.01_MR0.1_BM0.85_MM0.99_DO0.2.h5	0.8814977756027906	0.9536647169201449	0.7571192142680945	0.9235847530462071	0.9357458706925106	Pfenning_D2pos_Nac
151	0	Pfenning_D2pos_Nac_fold3	CNN	Mouse	cnn_v2/singleTask/Pfenning_D2pos_Nac_fold3/Pfenning_D2pos_Nac_fold3_OCP_NB1000_NE23_BR0.01_MR0.1_BM0.85_MM0.99_DO0.25.h5	0.8493649667311927	0.9546135459905942	0.7572815041420851	0.9503757101870098	0.9512983455672028	Pfenning_D2pos_Nac
152	0	Pfenning_D2pos_Nac_fold3	CNN	Mouse	cnn_v2/singleTask/Pfenning_D2pos_Nac_fold3/Pfenning_D2pos_Nac_fold3_OCP_NB1000_NE23_BR0.01_MR0.1_BM0.85_MM0.99_DO0.5.h5	0.771856478433959	0.9474745506445458	0.7247109624163447	0.9493018946200269	0.9485175265252518	Pfenning_D2pos_Nac
153	0	Pfenning_D2pos_Nac_fold4	CNN	Mouse	cnn_v2/singleTask/Pfenning_D2pos_Nac_fold4/Pfenning_D2pos_Nac_fold4_OCP_NB1000_NE23_BR0.01_MR0.1_BM0.85_MM0.99_DO0.1.h5	0.8709751174012055	0.9443257513816494	0.7246147941174717	0.8974491752758667	0.9193263268647255	Pfenning_D2pos_Nac
154	0	Pfenning_D2pos_Nac_fold4	CNN	Mouse	cnn_v2/singleTask/Pfenning_D2pos_Nac_fold4/Pfenning_D2pos_Nac_fold4_OCP_NB1000_NE23_BR0.01_MR0.1_BM0.85_MM0.99_DO0.2.h5	0.8777184866476684	0.948185575915361	0.7450405453420406	0.8956995089541063	0.9192418553654297	Pfenning_D2pos_Nac
155	0	Pfenning_D2pos_Nac_fold4	CNN	Mouse	cnn_v2/singleTask/Pfenning_D2pos_Nac_fold4/Pfenning_D2pos_Nac_fold4_OCP_NB1000_NE23_BR0.01_MR0.1_BM0.85_MM0.99_DO0.25.h5	0.8706606311496059	0.9518692537322252	0.7517464283759925	0.9354361622698437	0.9410314136685095	Pfenning_D2pos_Nac
156	0	Pfenning_D2pos_Nac_fold5	CNN	Mouse	cnn_v2/singleTask/Pfenning_D2pos_Nac_fold5/Pfenning_D2pos_Nac_fold5_OCP_NB1000_NE23_BR0.01_MR0.1_BM0.85_MM0.99_DO0.1.h5	0.8353923463791123	0.9390131909848038	0.7513475567855505	0.9289785625419149	0.9304339920265727	Pfenning_D2pos_Nac
157	0	Pfenning_D2pos_Nac_fold5	CNN	Mouse	cnn_v2/singleTask/Pfenning_D2pos_Nac_fold5/Pfenning_D2pos_Nac_fold5_OCP_NB1000_NE23_BR0.01_MR0.1_BM0.85_MM0.99_DO0.2.h5	0.8692056597778854	0.9459568161731637	0.7711244814745741	0.9099032960003837	0.9208162182841949	Pfenning_D2pos_Nac
158	0	Pfenning_D2pos_Nac_fold5	CNN	Mouse	cnn_v2/singleTask/Pfenning_D2pos_Nac_fold5/Pfenning_D2pos_Nac_fold5_OCP_NB1000_NE23_BR0.01_MR0.1_BM0.85_MM0.99_DO0.25.h5	0.8533403770204249	0.948340204459111	0.7832076356282736	0.9324000147154964	0.934435479741637	Pfenning_D2pos_Nac
159	0	Pfenning_PVpos_Cpu_fold1	CNN	Mouse	cnn_v2/singleTask/Pfenning_PVpos_Cpu_fold1/Pfenning_PVpos_Cpu_fold1_OCP_NB1000_NE23_BR0.01_MR0.1_BM0.85_MM0.99_DO0.1.h5	0.7934791894761288	0.914782577688436	0.6962386418971411	0.9110310861783341	0.9115053359478529	Pfenning_PVpos_Cpu
160	0	Pfenning_PVpos_Cpu_fold1	CNN	Mouse	cnn_v2/singleTask/Pfenning_PVpos_Cpu_fold1/Pfenning_PVpos_Cpu_fold1_OCP_NB1000_NE23_BR0.01_MR0.1_BM0.85_MM0.99_DO0.2.h5	0.8370212975207003	0.9304079198303686	0.735982293376178	0.9091088334758247	0.9142296022232483	Pfenning_PVpos_Cpu
161	0	Pfenning_PVpos_Cpu_fold1	CNN	Mouse	cnn_v2/singleTask/Pfenning_PVpos_Cpu_fold1/Pfenning_PVpos_Cpu_fold1_OCP_NB1000_NE23_BR0.01_MR0.1_BM0.85_MM0.99_DO0.25.h5	0.8248869598600862	0.9318999859884731	0.7388325147157276	0.9162917278516425	0.9182190967747399	Pfenning_PVpos_Cpu
162	0	Pfenning_PVpos_Cpu_fold2	CNN	Mouse	cnn_v2/singleTask/Pfenning_PVpos_Cpu_fold2/Pfenning_PVpos_Cpu_fold2_OCP_NB1000_NE23_BR0.01_MR0.1_BM0.85_MM0.99_DO0.1.h5	0.8415602723978788	0.9224745395451538	0.6649802147227026	0.8820282913025043	0.9071102215150713	Pfenning_PVpos_Cpu
163	0	Pfenning_PVpos_Cpu_fold2	CNN	Mouse	cnn_v2/singleTask/Pfenning_PVpos_Cpu_fold2/Pfenning_PVpos_Cpu_fold2_OCP_NB1000_NE23_BR0.01_MR0.1_BM0.85_MM0.99_DO0.2.h5	0.8401887366724142	0.9311675056995301	0.685084186640019	0.9150347164862922	0.9246159530703434	Pfenning_PVpos_Cpu
164	0	Pfenning_PVpos_Cpu_fold2	CNN	Mouse	cnn_v2/singleTask/Pfenning_PVpos_Cpu_fold2/Pfenning_PVpos_Cpu_fold2_OCP_NB1000_NE23_BR0.01_MR0.1_BM0.85_MM0.99_DO0.25.h5	0.7809200774163583	0.9320397463486029	0.6933348490148008	0.9383245526856575	0.937434538066147	Pfenning_PVpos_Cpu
165	0	Pfenning_PVpos_Cpu_fold3	CNN	Mouse	cnn_v2/singleTask/Pfenning_PVpos_Cpu_fold3/Pfenning_PVpos_Cpu_fold3_OCP_NB1000_NE23_BR0.01_MR0.1_BM0.85_MM0.99_DO0.1.h5	0.8255210400484305	0.924050396872901	0.6219228425760769	0.9241154164059092	0.9335446910111421	Pfenning_PVpos_Cpu
166	0	Pfenning_PVpos_Cpu_fold3	CNN	Mouse	cnn_v2/singleTask/Pfenning_PVpos_Cpu_fold3/Pfenning_PVpos_Cpu_fold3_OCP_NB1000_NE23_BR0.01_MR0.1_BM0.85_MM0.99_DO0.2.h5	0.8530348228403076	0.9343014719838946	0.6553015200574728	0.9060290135034428	0.9263502605212575	Pfenning_PVpos_Cpu
167	0	Pfenning_PVpos_Cpu_fold3	CNN	Mouse	cnn_v2/singleTask/Pfenning_PVpos_Cpu_fold3/Pfenning_PVpos_Cpu_fold3_OCP_NB1000_NE23_BR0.01_MR0.1_BM0.85_MM0.99_DO0.25.h5	0.8398473378041373	0.9390483734919673	0.6707962857209215	0.9338930434282484	0.9405751268473392	Pfenning_PVpos_Cpu
168	0	Pfenning_PVpos_Cpu_fold4	CNN	Mouse	cnn_v2/singleTask/Pfenning_PVpos_Cpu_fold4/Pfenning_PVpos_Cpu_fold4_OCP_NB1000_NE23_BR0.01_MR0.1_BM0.85_MM0.99_DO0.1.h5	0.8352919843163868	0.919632007334154	0.6639023977462911	0.8994684287743694	0.9153086038702705	Pfenning_PVpos_Cpu
169	0	Pfenning_PVpos_Cpu_fold4	CNN	Mouse	cnn_v2/singleTask/Pfenning_PVpos_Cpu_fold4/Pfenning_PVpos_Cpu_fold4_OCP_NB1000_NE23_BR0.01_MR0.1_BM0.85_MM0.99_DO0.2.h5	0.8307902848937183	0.9249006169193728	0.6857111764256881	0.9176617829972528	0.9253169950896838	Pfenning_PVpos_Cpu
170	0	Pfenning_PVpos_Cpu_fold4	CNN	Mouse	cnn_v2/singleTask/Pfenning_PVpos_Cpu_fold4/Pfenning_PVpos_Cpu_fold4_OCP_NB1000_NE23_BR0.01_MR0.1_BM0.85_MM0.99_DO0.25.h5	0.8427592203116555	0.929226818706374	0.6950694339555777	0.9121935935945779	0.9232428370843693	Pfenning_PVpos_Cpu
171	0	Pfenning_PVpos_Cpu_fold5	CNN	Mouse	cnn_v2/singleTask/Pfenning_PVpos_Cpu_fold5/Pfenning_PVpos_Cpu_fold5_OCP_NB1000_NE23_BR0.01_MR0.1_BM0.85_MM0.99_DO0.1.h5	0.8206214206680771	0.9151535260930785	0.675905367211322	0.9002835564184076	0.9091982271197527	Pfenning_PVpos_Cpu
172	0	Pfenning_PVpos_Cpu_fold5	CNN	Mouse	cnn_v2/singleTask/Pfenning_PVpos_Cpu_fold5/Pfenning_PVpos_Cpu_fold5_OCP_NB1000_NE23_BR0.01_MR0.1_BM0.85_MM0.99_DO0.2.h5	0.8306869514254327	0.9279243294490469	0.713709424941864	0.91272840881747	0.9183077929367113	Pfenning_PVpos_Cpu
173	0	Pfenning_PVpos_Cpu_fold5	CNN	Mouse	cnn_v2/singleTask/Pfenning_PVpos_Cpu_fold5/Pfenning_PVpos_Cpu_fold5_OCP_NB1000_NE23_BR0.01_MR0.1_BM0.85_MM0.99_DO0.25.h5	0.8141088840485906	0.929725164359519	0.7170964645879456	0.9236383328083724	0.9247509715439426	Pfenning_PVpos_Cpu
174	0	Pfenning_PVpos_Ctx_fold1	CNN	Mouse	cnn_v2/singleTask/Pfenning_PVpos_Ctx_fold1/Pfenning_PVpos_Ctx_fold1_OCP_NB1000_NE23_BR0.01_MR0.1_BM0.85_MM0.99_DO0.1.h5	0.8222151450237059	0.9129760064519811	0.6861625802916594	0.8907946157856232	0.9001899033230247	Pfenning_PVpos_Ctx
175	0	Pfenning_PVpos_Ctx_fold1	CNN	Mouse	cnn_v2/singleTask/Pfenning_PVpos_Ctx_fold1/Pfenning_PVpos_Ctx_fold1_OCP_NB1000_NE23_BR0.01_MR0.1_BM0.85_MM0.99_DO0.2.h5	0.8332957595198751	0.9240356218879147	0.7176494355606	0.8989081105349188	0.9067394917794172	Pfenning_PVpos_Ctx
176	0	Pfenning_PVpos_Ctx_fold2	CNN	Mouse	cnn_v2/singleTask/Pfenning_PVpos_Ctx_fold2/Pfenning_PVpos_Ctx_fold2_OCP_NB1000_NE23_BR0.01_MR0.1_BM0.85_MM0.99_DO0.1.h5	0.8005156657699211	0.9164418139424865	0.6405948643007111	0.9230712163224964	0.9261360748720351	Pfenning_PVpos_Ctx
177	0	Pfenning_PVpos_Ctx_fold2	CNN	Mouse	cnn_v2/singleTask/Pfenning_PVpos_Ctx_fold2/Pfenning_PVpos_Ctx_fold2_OCP_NB1000_NE23_BR0.01_MR0.1_BM0.85_MM0.99_DO0.2.h5	0.835812866007179	0.9251474476564163	0.6619030236010627	0.9083778031659093	0.9202461711774166	Pfenning_PVpos_Ctx
178	0	Pfenning_PVpos_Ctx_fold3	CNN	Mouse	cnn_v2/singleTask/Pfenning_PVpos_Ctx_fold3/Pfenning_PVpos_Ctx_fold3_OCP_NB1000_NE23_BR0.01_MR0.1_BM0.85_MM0.99_DO0.1.h5	0.829302604070817	0.926529457234704	0.6385173385996867	0.9241742684029411	0.9332120503403993	Pfenning_PVpos_Ctx
179	0	Pfenning_PVpos_Ctx_fold3	CNN	Mouse	cnn_v2/singleTask/Pfenning_PVpos_Ctx_fold3/Pfenning_PVpos_Ctx_fold3_OCP_NB1000_NE23_BR0.01_MR0.1_BM0.85_MM0.99_DO0.2.h5	0.8433177515274342	0.9335165411651312	0.6689960435291108	0.9232391934030914	0.9338768581949909	Pfenning_PVpos_Ctx
180	0	Pfenning_PVpos_Ctx_fold4	CNN	Mouse	cnn_v2/singleTask/Pfenning_PVpos_Ctx_fold4/Pfenning_PVpos_Ctx_fold4_OCP_NB1000_NE23_BR0.01_MR0.1_BM0.85_MM0.99_DO0.1.h5	0.8241972946916476	0.912660942107881	0.6454331794756848	0.8980875278339998	0.9105673549514444	Pfenning_PVpos_Ctx
181	0	Pfenning_PVpos_Ctx_fold4	CNN	Mouse	cnn_v2/singleTask/Pfenning_PVpos_Ctx_fold4/Pfenning_PVpos_Ctx_fold4_OCP_NB1000_NE23_BR0.01_MR0.1_BM0.85_MM0.99_DO0.2.h5	0.8293491868144326	0.9259365908400312	0.6820001546500776	0.8107915509664284	0.8700060221339794	Pfenning_PVpos_Ctx
182	0	Pfenning_PVpos_Ctx_fold5	CNN	Mouse	cnn_v2/singleTask/Pfenning_PVpos_Ctx_fold5/Pfenning_PVpos_Ctx_fold5_OCP_NB1000_NE23_BR0.01_MR0.1_BM0.85_MM0.99_DO0.1.h5	0.7797532630473887	0.9126033326816552	0.6710949333464578	0.9141928238440526	0.9138317629432983	Pfenning_PVpos_Ctx
183	0	Pfenning_PVpos_Ctx_fold5	CNN	Mouse	cnn_v2/singleTask/Pfenning_PVpos_Ctx_fold5/Pfenning_PVpos_Ctx_fold5_OCP_NB1000_NE23_BR0.01_MR0.1_BM0.85_MM0.99_DO0.2.h5	0.8383595010513243	0.92060407250964	0.6987808794190836	0.8646925490325201	0.8903134032503196	Pfenning_PVpos_Ctx
184	0	Pfenning_SSTpos_Cpu_fold1	CNN	Mouse	cnn_v2/singleTask/Pfenning_SSTpos_Cpu_fold1/Pfenning_SSTpos_Cpu_fold1_OCP_NB1000_NE23_BR0.01_MR0.1_BM0.85_MM0.99_DO0.1.h5	0.8451446864191635	0.9294793599678763	0.7272764571218273	0.8996125079964459	0.909488787008125	Pfenning_SSTpos_Cpu
185	0	Pfenning_SSTpos_Cpu_fold1	CNN	Mouse	cnn_v2/singleTask/Pfenning_SSTpos_Cpu_fold1/Pfenning_SSTpos_Cpu_fold1_OCP_NB1000_NE23_BR0.01_MR0.1_BM0.85_MM0.99_DO0.2.h5	0.8583960270204456	0.9386807769558668	0.7566621239661324	0.9043303788599294	0.9141301653468928	Pfenning_SSTpos_Cpu
186	0	Pfenning_SSTpos_Cpu_fold2	CNN	Mouse	cnn_v2/singleTask/Pfenning_SSTpos_Cpu_fold2/Pfenning_SSTpos_Cpu_fold2_OCP_NB1000_NE23_BR0.01_MR0.1_BM0.85_MM0.99_DO0.1.h5	0.8216241345967423	0.9339625354924637	0.6980921574242895	0.9310131591044863	0.9332034445870087	Pfenning_SSTpos_Cpu
187	0	Pfenning_SSTpos_Cpu_fold2	CNN	Mouse	cnn_v2/singleTask/Pfenning_SSTpos_Cpu_fold2/Pfenning_SSTpos_Cpu_fold2_OCP_NB1000_NE23_BR0.01_MR0.1_BM0.85_MM0.99_DO0.2.h5	0.8417253403518261	0.9443888835112747	0.7330521672242921	0.934235108584391	0.9370629867551442	Pfenning_SSTpos_Cpu
188	0	Pfenning_SSTpos_Cpu_fold3	CNN	Mouse	cnn_v2/singleTask/Pfenning_SSTpos_Cpu_fold3/Pfenning_SSTpos_Cpu_fold3_OCP_NB1000_NE23_BR0.01_MR0.1_BM0.85_MM0.99_DO0.1.h5	0.852693177219574	0.9390885451467688	0.6834642127632446	0.9294923177457712	0.9385988492000131	Pfenning_SSTpos_Cpu
189	0	Pfenning_SSTpos_Cpu_fold3	CNN	Mouse	cnn_v2/singleTask/Pfenning_SSTpos_Cpu_fold3/Pfenning_SSTpos_Cpu_fold3_OCP_NB1000_NE23_BR0.01_MR0.1_BM0.85_MM0.99_DO0.2.h5	0.8737343150789927	0.9486345157604092	0.7226144645947936	0.9253953756626959	0.9380408874115641	Pfenning_SSTpos_Cpu
190	0	Pfenning_SSTpos_Cpu_fold4	CNN	Mouse	cnn_v2/singleTask/Pfenning_SSTpos_Cpu_fold4/Pfenning_SSTpos_Cpu_fold4_OCP_NB1000_NE23_BR0.01_MR0.1_BM0.85_MM0.99_DO0.1.h5	0.8514645754160826	0.9382012130261229	0.705633221024841	0.9278863106376989	0.9351907511715074	Pfenning_SSTpos_Cpu
191	0	Pfenning_SSTpos_Cpu_fold4	CNN	Mouse	cnn_v2/singleTask/Pfenning_SSTpos_Cpu_fold4/Pfenning_SSTpos_Cpu_fold4_OCP_NB1000_NE23_BR0.01_MR0.1_BM0.85_MM0.99_DO0.2.h5	0.8598866760471855	0.9444951407214881	0.7313119533623984	0.9277260174854658	0.9358384028027296	Pfenning_SSTpos_Cpu
192	0	Pfenning_SSTpos_Cpu_fold5	CNN	Mouse	cnn_v2/singleTask/Pfenning_SSTpos_Cpu_fold5/Pfenning_SSTpos_Cpu_fold5_OCP_NB1000_NE23_BR0.01_MR0.1_BM0.85_MM0.99_DO0.1.h5	0.8466865182362948	0.9280476286827701	0.7101671470065373	0.8952781843354982	0.9084950586378853	Pfenning_SSTpos_Cpu
193	0	Pfenning_SSTpos_Cpu_fold5	CNN	Mouse	cnn_v2/singleTask/Pfenning_SSTpos_Cpu_fold5/Pfenning_SSTpos_Cpu_fold5_OCP_NB1000_NE23_BR0.01_MR0.1_BM0.85_MM0.99_DO0.2.h5	0.859843654747613	0.9363491191880347	0.7359247535614769	0.8784440973863772	0.9013705890624509	Pfenning_SSTpos_Cpu
194	0	Pfenning_SSTpos_Ctx_fold1	CNN	Mouse	cnn_v2/singleTask/Pfenning_SSTpos_Ctx_fold1/Pfenning_SSTpos_Ctx_fold1_OCP_NB1000_NE23_BR0.01_MR0.1_BM0.85_MM0.99_DO0.1.h5	0.813008328261573	0.928127996385425	0.730167335398455	0.9183582231714897	0.9187096771882078	Pfenning_SSTpos_Ctx
195	0	Pfenning_SSTpos_Ctx_fold1	CNN	Mouse	cnn_v2/singleTask/Pfenning_SSTpos_Ctx_fold1/Pfenning_SSTpos_Ctx_fold1_OCP_NB1000_NE23_BR0.01_MR0.1_BM0.85_MM0.99_DO0.15.h5	0.8493516521086403	0.9314217270795886	0.7390822162344093	0.8951643823749045	0.9065054882729057	Pfenning_SSTpos_Ctx
196	0	Pfenning_SSTpos_Ctx_fold1	CNN	Mouse	cnn_v2/singleTask/Pfenning_SSTpos_Ctx_fold1/Pfenning_SSTpos_Ctx_fold1_OCP_NB1000_NE23_BR0.01_MR0.1_BM0.85_MM0.99_DO0.2.h5	0.8251735713375831	0.93665899639177	0.756981526892222	0.9225947269952305	0.9230656491141082	Pfenning_SSTpos_Ctx
197	0	Pfenning_SSTpos_Ctx_fold2	CNN	Mouse	cnn_v2/singleTask/Pfenning_SSTpos_Ctx_fold2/Pfenning_SSTpos_Ctx_fold2_OCP_NB1000_NE23_BR0.01_MR0.1_BM0.85_MM0.99_DO0.1.h5	0.8278307178181337	0.9327336010753202	0.6897918793527187	0.9255859251494144	0.9299544502512849	Pfenning_SSTpos_Ctx
198	0	Pfenning_SSTpos_Ctx_fold2	CNN	Mouse	cnn_v2/singleTask/Pfenning_SSTpos_Ctx_fold2/Pfenning_SSTpos_Ctx_fold2_OCP_NB1000_NE23_BR0.01_MR0.1_BM0.85_MM0.99_DO0.2.h5	0.8352417675094291	0.9403099413858422	0.7189107591242603	0.9331369104822841	0.9358970788316768	Pfenning_SSTpos_Ctx
199	0	Pfenning_SSTpos_Ctx_fold3	CNN	Mouse	cnn_v2/singleTask/Pfenning_SSTpos_Ctx_fold3/Pfenning_SSTpos_Ctx_fold3_OCP_NB1000_NE23_BR0.01_MR0.1_BM0.85_MM0.99_DO0.1.h5	0.8476499881948372	0.9398131193118993	0.6790523007646803	0.9287235203673874	0.9377302152540287	Pfenning_SSTpos_Ctx
200	0	Pfenning_SSTpos_Ctx_fold3	CNN	Mouse	cnn_v2/singleTask/Pfenning_SSTpos_Ctx_fold3/Pfenning_SSTpos_Ctx_fold3_OCP_NB1000_NE23_BR0.01_MR0.1_BM0.85_MM0.99_DO0.2.h5	0.8111132395657514	0.9453939657629027	0.7104800291527026	0.9525396246613459	0.95235737640225	Pfenning_SSTpos_Ctx
201	0	Pfenning_SSTpos_Ctx_fold4	CNN	Mouse	cnn_v2/singleTask/Pfenning_SSTpos_Ctx_fold4/Pfenning_SSTpos_Ctx_fold4_OCP_NB1000_NE23_BR0.01_MR0.1_BM0.85_MM0.99_DO0.1.h5	0.8356756266212055	0.9305153688449299	0.6834963112726365	0.9250112681378476	0.9313593667360893	Pfenning_SSTpos_Ctx
202	0	Pfenning_SSTpos_Ctx_fold4	CNN	Mouse	cnn_v2/singleTask/Pfenning_SSTpos_Ctx_fold4/Pfenning_SSTpos_Ctx_fold4_OCP_NB1000_NE23_BR0.01_MR0.1_BM0.85_MM0.99_DO0.15.h5	0.8593804992394571	0.9374891539970754	0.7055095360849508	0.8844300786241022	0.9118382389258604	Pfenning_SSTpos_Ctx
203	0	Pfenning_SSTpos_Ctx_fold4	CNN	Mouse	cnn_v2/singleTask/Pfenning_SSTpos_Ctx_fold4/Pfenning_SSTpos_Ctx_fold4_OCP_NB1000_NE23_BR0.01_MR0.1_BM0.85_MM0.99_DO0.2.h5	0.8404983650164968	0.9430278645278388	0.7235132449220828	0.9352690889071779	0.9386847604673285	Pfenning_SSTpos_Ctx
204	0	Pfenning_SSTpos_Ctx_fold5	CNN	Mouse	cnn_v2/singleTask/Pfenning_SSTpos_Ctx_fold5/Pfenning_SSTpos_Ctx_fold5_OCP_NB1000_NE23_BR0.01_MR0.1_BM0.85_MM0.99_DO0.1.h5	0.8418279830833979	0.9308905091086225	0.71895354042329	0.9076934850730609	0.9160794777952874	Pfenning_SSTpos_Ctx
205	0	Pfenning_SSTpos_Ctx_fold5	CNN	Mouse	cnn_v2/singleTask/Pfenning_SSTpos_Ctx_fold5/Pfenning_SSTpos_Ctx_fold5_OCP_NB1000_NE23_BR0.01_MR0.1_BM0.85_MM0.99_DO0.2.h5	0.8291399362081311	0.9394857834354255	0.7479833227798939	0.9272324374127281	0.9285537182469562	Pfenning_SSTpos_Ctx
