index	mode	prefix	model_name	train_fasta_pos	train_fasta_neg	valid_fasta_pos	valid_fasta_neg	seq_length	conv_width	conv_filters	max_pool_size	max_pool_stride	dense_filters	l2_reg	dropout	verbose	mylossfunc	batch_size	epochs	numCycles	base_lr	max_lr	base_m	max_m	cyclical_momentum	force	out_dir	model	accuracy	auROC	auPRC	f1_score	fhalf_score	model_species	sample	model_type	version	lab	celltype	tissue
0	evaluate	Mo2015_EXCpos_Ctx_fold1	/projects/pfenninggroup/machineLearningForComputationalBiology/addiction_gwas_enrichment/celltype_specific_ml_models/models/Mo2015_EXCpos_Ctx_fold1/Mo2015_EXCpos_Ctx_fold1_OCP_NB1000_NE23_BR0.01_MR0.1_BM0.85_MM0.99_DO0.25.h5	/projects/pfenninggroup/machineLearningForComputationalBiology/addiction_gwas_enrichment/celltype_specific_ml_models/FASTA_CV/Mo2015_EXCpos_Ctx_fold1_trainPos.fa	/projects/pfenninggroup/machineLearningForComputationalBiology/addiction_gwas_enrichment/celltype_specific_ml_models/FASTA_CV/Mo2015_EXCpos_Ctx_fold1_trainNeg10x.fa	/projects/pfenninggroup/machineLearningForComputationalBiology/addiction_gwas_enrichment/celltype_specific_ml_models/FASTA_CV/Mo2015_EXCpos_Ctx_fold1_validPos.fa	/projects/pfenninggroup/machineLearningForComputationalBiology/addiction_gwas_enrichment/celltype_specific_ml_models/FASTA_CV/Mo2015_EXCpos_Ctx_fold1_validNeg10x.fa	501	11	200	26	26	300	1e-10	0.25	2	binary_crossentropy	1000	23	2.35	0.01	0.1	0.85	0.99	TRUE	FALSE	/projects/pfenninggroup/machineLearningForComputationalBiology/addiction_gwas_enrichment/celltype_specific_ml_models	/projects/pfenninggroup/machineLearningForComputationalBiology/addiction_gwas_enrichment/celltype_specific_ml_models/models/Mo2015_EXCpos_Ctx_fold1/Mo2015_EXCpos_Ctx_fold1_OCP_NB1000_NE23_BR0.01_MR0.1_BM0.85_MM0.99_DO0.25.h5	0.88820884311976	0.958493227682522	0.816731508643456	0.893064074438584	0.912540609621552	Mouse	pfenninggroup	pfenninggroup	v3	Mo2015	EXC	Ctx
0	evaluate	Mo2015_EXCpos_Ctx_fold2	/projects/pfenninggroup/machineLearningForComputationalBiology/addiction_gwas_enrichment/celltype_specific_ml_models/models/Mo2015_EXCpos_Ctx_fold2/Mo2015_EXCpos_Ctx_fold2_OCP_NB1000_NE23_BR0.01_MR0.1_BM0.85_MM0.99_DO0.25.h5	/projects/pfenninggroup/machineLearningForComputationalBiology/addiction_gwas_enrichment/celltype_specific_ml_models/FASTA_CV/Mo2015_EXCpos_Ctx_fold2_trainPos.fa	/projects/pfenninggroup/machineLearningForComputationalBiology/addiction_gwas_enrichment/celltype_specific_ml_models/FASTA_CV/Mo2015_EXCpos_Ctx_fold2_trainNeg10x.fa	/projects/pfenninggroup/machineLearningForComputationalBiology/addiction_gwas_enrichment/celltype_specific_ml_models/FASTA_CV/Mo2015_EXCpos_Ctx_fold2_validPos.fa	/projects/pfenninggroup/machineLearningForComputationalBiology/addiction_gwas_enrichment/celltype_specific_ml_models/FASTA_CV/Mo2015_EXCpos_Ctx_fold2_validNeg10x.fa	501	11	200	26	26	300	1e-10	0.25	2	binary_crossentropy	1000	23	2.35	0.01	0.1	0.85	0.99	TRUE	FALSE	/projects/pfenninggroup/machineLearningForComputationalBiology/addiction_gwas_enrichment/celltype_specific_ml_models	/projects/pfenninggroup/machineLearningForComputationalBiology/addiction_gwas_enrichment/celltype_specific_ml_models/models/Mo2015_EXCpos_Ctx_fold2/Mo2015_EXCpos_Ctx_fold2_OCP_NB1000_NE23_BR0.01_MR0.1_BM0.85_MM0.99_DO0.25.h5	0.901826840797128	0.964717263499937	0.799422569517049	0.91569433493365	0.931505375865506	Mouse	pfenninggroup	pfenninggroup	v3	Mo2015	EXC	Ctx
0	evaluate	Mo2015_EXCpos_Ctx_fold3	/projects/pfenninggroup/machineLearningForComputationalBiology/addiction_gwas_enrichment/celltype_specific_ml_models/models/Mo2015_EXCpos_Ctx_fold3/Mo2015_EXCpos_Ctx_fold3_OCP_NB1000_NE23_BR0.01_MR0.1_BM0.85_MM0.99_DO0.25.h5	/projects/pfenninggroup/machineLearningForComputationalBiology/addiction_gwas_enrichment/celltype_specific_ml_models/FASTA_CV/Mo2015_EXCpos_Ctx_fold3_trainPos.fa	/projects/pfenninggroup/machineLearningForComputationalBiology/addiction_gwas_enrichment/celltype_specific_ml_models/FASTA_CV/Mo2015_EXCpos_Ctx_fold3_trainNeg10x.fa	/projects/pfenninggroup/machineLearningForComputationalBiology/addiction_gwas_enrichment/celltype_specific_ml_models/FASTA_CV/Mo2015_EXCpos_Ctx_fold3_validPos.fa	/projects/pfenninggroup/machineLearningForComputationalBiology/addiction_gwas_enrichment/celltype_specific_ml_models/FASTA_CV/Mo2015_EXCpos_Ctx_fold3_validNeg10x.fa	501	11	200	26	26	300	1e-10	0.25	2	binary_crossentropy	1000	23	2.35	0.01	0.1	0.85	0.99	TRUE	FALSE	/projects/pfenninggroup/machineLearningForComputationalBiology/addiction_gwas_enrichment/celltype_specific_ml_models	/projects/pfenninggroup/machineLearningForComputationalBiology/addiction_gwas_enrichment/celltype_specific_ml_models/models/Mo2015_EXCpos_Ctx_fold3/Mo2015_EXCpos_Ctx_fold3_OCP_NB1000_NE23_BR0.01_MR0.1_BM0.85_MM0.99_DO0.25.h5	0.903094268007889	0.967132422640752	0.799628128316948	0.924325021950734	0.938783484345931	Mouse	pfenninggroup	pfenninggroup	v3	Mo2015	EXC	Ctx
0	evaluate	Mo2015_EXCpos_Ctx_fold4	/projects/pfenninggroup/machineLearningForComputationalBiology/addiction_gwas_enrichment/celltype_specific_ml_models/models/Mo2015_EXCpos_Ctx_fold4/Mo2015_EXCpos_Ctx_fold4_OCP_NB1000_NE23_BR0.01_MR0.1_BM0.85_MM0.99_DO0.25.h5	/projects/pfenninggroup/machineLearningForComputationalBiology/addiction_gwas_enrichment/celltype_specific_ml_models/FASTA_CV/Mo2015_EXCpos_Ctx_fold4_trainPos.fa	/projects/pfenninggroup/machineLearningForComputationalBiology/addiction_gwas_enrichment/celltype_specific_ml_models/FASTA_CV/Mo2015_EXCpos_Ctx_fold4_trainNeg10x.fa	/projects/pfenninggroup/machineLearningForComputationalBiology/addiction_gwas_enrichment/celltype_specific_ml_models/FASTA_CV/Mo2015_EXCpos_Ctx_fold4_validPos.fa	/projects/pfenninggroup/machineLearningForComputationalBiology/addiction_gwas_enrichment/celltype_specific_ml_models/FASTA_CV/Mo2015_EXCpos_Ctx_fold4_validNeg10x.fa	501	11	200	26	26	300	1e-10	0.25	2	binary_crossentropy	1000	23	2.35	0.01	0.1	0.85	0.99	TRUE	FALSE	/projects/pfenninggroup/machineLearningForComputationalBiology/addiction_gwas_enrichment/celltype_specific_ml_models	/projects/pfenninggroup/machineLearningForComputationalBiology/addiction_gwas_enrichment/celltype_specific_ml_models/models/Mo2015_EXCpos_Ctx_fold4/Mo2015_EXCpos_Ctx_fold4_OCP_NB1000_NE23_BR0.01_MR0.1_BM0.85_MM0.99_DO0.25.h5	0.901433415935622	0.966430857998895	0.797149704223539	0.927593159394659	0.940227239227347	Mouse	pfenninggroup	pfenninggroup	v3	Mo2015	EXC	Ctx
0	evaluate	Mo2015_EXCpos_Ctx_fold5	/projects/pfenninggroup/machineLearningForComputationalBiology/addiction_gwas_enrichment/celltype_specific_ml_models/models/Mo2015_EXCpos_Ctx_fold5/Mo2015_EXCpos_Ctx_fold5_OCP_NB1000_NE23_BR0.01_MR0.1_BM0.85_MM0.99_DO0.25.h5	/projects/pfenninggroup/machineLearningForComputationalBiology/addiction_gwas_enrichment/celltype_specific_ml_models/FASTA_CV/Mo2015_EXCpos_Ctx_fold5_trainPos.fa	/projects/pfenninggroup/machineLearningForComputationalBiology/addiction_gwas_enrichment/celltype_specific_ml_models/FASTA_CV/Mo2015_EXCpos_Ctx_fold5_trainNeg10x.fa	/projects/pfenninggroup/machineLearningForComputationalBiology/addiction_gwas_enrichment/celltype_specific_ml_models/FASTA_CV/Mo2015_EXCpos_Ctx_fold5_validPos.fa	/projects/pfenninggroup/machineLearningForComputationalBiology/addiction_gwas_enrichment/celltype_specific_ml_models/FASTA_CV/Mo2015_EXCpos_Ctx_fold5_validNeg10x.fa	501	11	200	26	26	300	1e-10	0.25	2	binary_crossentropy	1000	23	2.35	0.01	0.1	0.85	0.99	TRUE	FALSE	/projects/pfenninggroup/machineLearningForComputationalBiology/addiction_gwas_enrichment/celltype_specific_ml_models	/projects/pfenninggroup/machineLearningForComputationalBiology/addiction_gwas_enrichment/celltype_specific_ml_models/models/Mo2015_EXCpos_Ctx_fold5/Mo2015_EXCpos_Ctx_fold5_OCP_NB1000_NE23_BR0.01_MR0.1_BM0.85_MM0.99_DO0.25.h5	0.891506674195212	0.961580017003515	0.835443365400162	0.887794293142218	0.909021170026796	Mouse	pfenninggroup	pfenninggroup	v3	Mo2015	EXC	Ctx
0	evaluate	Pfenning_D1pos_Cpu_fold1	/projects/pfenninggroup/machineLearningForComputationalBiology/addiction_gwas_enrichment/celltype_specific_ml_models/models/Pfenning_D1pos_Cpu_fold1/Pfenning_D1pos_Cpu_fold1_OCP_NB1000_NE23_BR0.01_MR0.1_BM0.85_MM0.99_DO0.25.h5	/projects/pfenninggroup/machineLearningForComputationalBiology/addiction_gwas_enrichment/celltype_specific_ml_models/FASTA_CV/Pfenning_D1pos_Cpu_fold1_trainPos.fa	/projects/pfenninggroup/machineLearningForComputationalBiology/addiction_gwas_enrichment/celltype_specific_ml_models/FASTA_CV/Pfenning_D1pos_Cpu_fold1_trainNeg10x.fa	/projects/pfenninggroup/machineLearningForComputationalBiology/addiction_gwas_enrichment/celltype_specific_ml_models/FASTA_CV/Pfenning_D1pos_Cpu_fold1_validPos.fa	/projects/pfenninggroup/machineLearningForComputationalBiology/addiction_gwas_enrichment/celltype_specific_ml_models/FASTA_CV/Pfenning_D1pos_Cpu_fold1_validNeg10x.fa	501	11	200	26	26	300	1e-10	0.25	2	binary_crossentropy	1000	23	2.35	0.01	0.1	0.85	0.99	TRUE	FALSE	/projects/pfenninggroup/machineLearningForComputationalBiology/addiction_gwas_enrichment/celltype_specific_ml_models	/projects/pfenninggroup/machineLearningForComputationalBiology/addiction_gwas_enrichment/celltype_specific_ml_models/models/Pfenning_D1pos_Cpu_fold1/Pfenning_D1pos_Cpu_fold1_OCP_NB1000_NE23_BR0.01_MR0.1_BM0.85_MM0.99_DO0.25.h5	0.864778601925725	0.947346001526207	0.797492078996935	0.91845900187359	0.92427043688192	Mouse	pfenninggroup	pfenninggroup	v3	Pfenning	D1	Cpu
0	evaluate	Pfenning_D1pos_Cpu_fold2	/projects/pfenninggroup/machineLearningForComputationalBiology/addiction_gwas_enrichment/celltype_specific_ml_models/models/Pfenning_D1pos_Cpu_fold2/Pfenning_D1pos_Cpu_fold2_OCP_NB1000_NE23_BR0.01_MR0.1_BM0.85_MM0.99_DO0.25.h5	/projects/pfenninggroup/machineLearningForComputationalBiology/addiction_gwas_enrichment/celltype_specific_ml_models/FASTA_CV/Pfenning_D1pos_Cpu_fold2_trainPos.fa	/projects/pfenninggroup/machineLearningForComputationalBiology/addiction_gwas_enrichment/celltype_specific_ml_models/FASTA_CV/Pfenning_D1pos_Cpu_fold2_trainNeg10x.fa	/projects/pfenninggroup/machineLearningForComputationalBiology/addiction_gwas_enrichment/celltype_specific_ml_models/FASTA_CV/Pfenning_D1pos_Cpu_fold2_validPos.fa	/projects/pfenninggroup/machineLearningForComputationalBiology/addiction_gwas_enrichment/celltype_specific_ml_models/FASTA_CV/Pfenning_D1pos_Cpu_fold2_validNeg10x.fa	501	11	200	26	26	300	1e-10	0.25	2	binary_crossentropy	1000	23	2.35	0.01	0.1	0.85	0.99	TRUE	FALSE	/projects/pfenninggroup/machineLearningForComputationalBiology/addiction_gwas_enrichment/celltype_specific_ml_models	/projects/pfenninggroup/machineLearningForComputationalBiology/addiction_gwas_enrichment/celltype_specific_ml_models/models/Pfenning_D1pos_Cpu_fold2/Pfenning_D1pos_Cpu_fold2_OCP_NB1000_NE23_BR0.01_MR0.1_BM0.85_MM0.99_DO0.25.h5	0.882092888337138	0.954985453531828	0.77237935221904	0.914480790701223	0.928981122671464	Mouse	pfenninggroup	pfenninggroup	v3	Pfenning	D1	Cpu
0	evaluate	Pfenning_D1pos_Cpu_fold3	/projects/pfenninggroup/machineLearningForComputationalBiology/addiction_gwas_enrichment/celltype_specific_ml_models/models/Pfenning_D1pos_Cpu_fold3/Pfenning_D1pos_Cpu_fold3_OCP_NB1000_NE23_BR0.01_MR0.1_BM0.85_MM0.99_DO0.25.h5	/projects/pfenninggroup/machineLearningForComputationalBiology/addiction_gwas_enrichment/celltype_specific_ml_models/FASTA_CV/Pfenning_D1pos_Cpu_fold3_trainPos.fa	/projects/pfenninggroup/machineLearningForComputationalBiology/addiction_gwas_enrichment/celltype_specific_ml_models/FASTA_CV/Pfenning_D1pos_Cpu_fold3_trainNeg10x.fa	/projects/pfenninggroup/machineLearningForComputationalBiology/addiction_gwas_enrichment/celltype_specific_ml_models/FASTA_CV/Pfenning_D1pos_Cpu_fold3_validPos.fa	/projects/pfenninggroup/machineLearningForComputationalBiology/addiction_gwas_enrichment/celltype_specific_ml_models/FASTA_CV/Pfenning_D1pos_Cpu_fold3_validNeg10x.fa	501	11	200	26	26	300	1e-10	0.25	2	binary_crossentropy	1000	23	2.35	0.01	0.1	0.85	0.99	TRUE	FALSE	/projects/pfenninggroup/machineLearningForComputationalBiology/addiction_gwas_enrichment/celltype_specific_ml_models	/projects/pfenninggroup/machineLearningForComputationalBiology/addiction_gwas_enrichment/celltype_specific_ml_models/models/Pfenning_D1pos_Cpu_fold3/Pfenning_D1pos_Cpu_fold3_OCP_NB1000_NE23_BR0.01_MR0.1_BM0.85_MM0.99_DO0.25.h5	0.886734872923979	0.959805703869882	0.780341906948342	0.932877238148222	0.942200900448108	Mouse	pfenninggroup	pfenninggroup	v3	Pfenning	D1	Cpu
0	evaluate	Pfenning_D1pos_Cpu_fold4	/projects/pfenninggroup/machineLearningForComputationalBiology/addiction_gwas_enrichment/celltype_specific_ml_models/models/Pfenning_D1pos_Cpu_fold4/Pfenning_D1pos_Cpu_fold4_OCP_NB1000_NE23_BR0.01_MR0.1_BM0.85_MM0.99_DO0.25.h5	/projects/pfenninggroup/machineLearningForComputationalBiology/addiction_gwas_enrichment/celltype_specific_ml_models/FASTA_CV/Pfenning_D1pos_Cpu_fold4_trainPos.fa	/projects/pfenninggroup/machineLearningForComputationalBiology/addiction_gwas_enrichment/celltype_specific_ml_models/FASTA_CV/Pfenning_D1pos_Cpu_fold4_trainNeg10x.fa	/projects/pfenninggroup/machineLearningForComputationalBiology/addiction_gwas_enrichment/celltype_specific_ml_models/FASTA_CV/Pfenning_D1pos_Cpu_fold4_validPos.fa	/projects/pfenninggroup/machineLearningForComputationalBiology/addiction_gwas_enrichment/celltype_specific_ml_models/FASTA_CV/Pfenning_D1pos_Cpu_fold4_validNeg10x.fa	501	11	200	26	26	300	1e-10	0.25	2	binary_crossentropy	1000	23	2.35	0.01	0.1	0.85	0.99	TRUE	FALSE	/projects/pfenninggroup/machineLearningForComputationalBiology/addiction_gwas_enrichment/celltype_specific_ml_models	/projects/pfenninggroup/machineLearningForComputationalBiology/addiction_gwas_enrichment/celltype_specific_ml_models/models/Pfenning_D1pos_Cpu_fold4/Pfenning_D1pos_Cpu_fold4_OCP_NB1000_NE23_BR0.01_MR0.1_BM0.85_MM0.99_DO0.25.h5	0.88134028178548	0.956111848769437	0.771949766100695	0.935752380441571	0.942677316611809	Mouse	pfenninggroup	pfenninggroup	v3	Pfenning	D1	Cpu
0	evaluate	Pfenning_D1pos_Cpu_fold5	/projects/pfenninggroup/machineLearningForComputationalBiology/addiction_gwas_enrichment/celltype_specific_ml_models/models/Pfenning_D1pos_Cpu_fold5/Pfenning_D1pos_Cpu_fold5_OCP_NB1000_NE23_BR0.01_MR0.1_BM0.85_MM0.99_DO0.25.h5	/projects/pfenninggroup/machineLearningForComputationalBiology/addiction_gwas_enrichment/celltype_specific_ml_models/FASTA_CV/Pfenning_D1pos_Cpu_fold5_trainPos.fa	/projects/pfenninggroup/machineLearningForComputationalBiology/addiction_gwas_enrichment/celltype_specific_ml_models/FASTA_CV/Pfenning_D1pos_Cpu_fold5_trainNeg10x.fa	/projects/pfenninggroup/machineLearningForComputationalBiology/addiction_gwas_enrichment/celltype_specific_ml_models/FASTA_CV/Pfenning_D1pos_Cpu_fold5_validPos.fa	/projects/pfenninggroup/machineLearningForComputationalBiology/addiction_gwas_enrichment/celltype_specific_ml_models/FASTA_CV/Pfenning_D1pos_Cpu_fold5_validNeg10x.fa	501	11	200	26	26	300	1e-10	0.25	2	binary_crossentropy	1000	23	2.35	0.01	0.1	0.85	0.99	TRUE	FALSE	/projects/pfenninggroup/machineLearningForComputationalBiology/addiction_gwas_enrichment/celltype_specific_ml_models	/projects/pfenninggroup/machineLearningForComputationalBiology/addiction_gwas_enrichment/celltype_specific_ml_models/models/Pfenning_D1pos_Cpu_fold5/Pfenning_D1pos_Cpu_fold5_OCP_NB1000_NE23_BR0.01_MR0.1_BM0.85_MM0.99_DO0.25.h5	0.854513040985664	0.948047834996445	0.790070381130218	0.829657787729042	0.877880718446811	Mouse	pfenninggroup	pfenninggroup	v3	Pfenning	D1	Cpu
0	evaluate	Pfenning_D1pos_Nac_fold1	/projects/pfenninggroup/machineLearningForComputationalBiology/addiction_gwas_enrichment/celltype_specific_ml_models/models/Pfenning_D1pos_Nac_fold1/Pfenning_D1pos_Nac_fold1_OCP_NB1000_NE23_BR0.01_MR0.1_BM0.85_MM0.99_DO0.25.h5	/projects/pfenninggroup/machineLearningForComputationalBiology/addiction_gwas_enrichment/celltype_specific_ml_models/FASTA_CV/Pfenning_D1pos_Nac_fold1_trainPos.fa	/projects/pfenninggroup/machineLearningForComputationalBiology/addiction_gwas_enrichment/celltype_specific_ml_models/FASTA_CV/Pfenning_D1pos_Nac_fold1_trainNeg10x.fa	/projects/pfenninggroup/machineLearningForComputationalBiology/addiction_gwas_enrichment/celltype_specific_ml_models/FASTA_CV/Pfenning_D1pos_Nac_fold1_validPos.fa	/projects/pfenninggroup/machineLearningForComputationalBiology/addiction_gwas_enrichment/celltype_specific_ml_models/FASTA_CV/Pfenning_D1pos_Nac_fold1_validNeg10x.fa	501	11	200	26	26	300	1e-10	0.25	2	binary_crossentropy	1000	23	2.35	0.01	0.1	0.85	0.99	TRUE	FALSE	/projects/pfenninggroup/machineLearningForComputationalBiology/addiction_gwas_enrichment/celltype_specific_ml_models	/projects/pfenninggroup/machineLearningForComputationalBiology/addiction_gwas_enrichment/celltype_specific_ml_models/models/Pfenning_D1pos_Nac_fold1/Pfenning_D1pos_Nac_fold1_OCP_NB1000_NE23_BR0.01_MR0.1_BM0.85_MM0.99_DO0.25.h5	0.858491539679564	0.946462152541579	0.792918416482926	0.929387260740908	0.931591827255302	Mouse	pfenninggroup	pfenninggroup	v3	Pfenning	D1	Nac
0	evaluate	Pfenning_D1pos_Nac_fold2	/projects/pfenninggroup/machineLearningForComputationalBiology/addiction_gwas_enrichment/celltype_specific_ml_models/models/Pfenning_D1pos_Nac_fold2/Pfenning_D1pos_Nac_fold2_OCP_NB1000_NE23_BR0.01_MR0.1_BM0.85_MM0.99_DO0.25.h5	/projects/pfenninggroup/machineLearningForComputationalBiology/addiction_gwas_enrichment/celltype_specific_ml_models/FASTA_CV/Pfenning_D1pos_Nac_fold2_trainPos.fa	/projects/pfenninggroup/machineLearningForComputationalBiology/addiction_gwas_enrichment/celltype_specific_ml_models/FASTA_CV/Pfenning_D1pos_Nac_fold2_trainNeg10x.fa	/projects/pfenninggroup/machineLearningForComputationalBiology/addiction_gwas_enrichment/celltype_specific_ml_models/FASTA_CV/Pfenning_D1pos_Nac_fold2_validPos.fa	/projects/pfenninggroup/machineLearningForComputationalBiology/addiction_gwas_enrichment/celltype_specific_ml_models/FASTA_CV/Pfenning_D1pos_Nac_fold2_validNeg10x.fa	501	11	200	26	26	300	1e-10	0.25	2	binary_crossentropy	1000	23	2.35	0.01	0.1	0.85	0.99	TRUE	FALSE	/projects/pfenninggroup/machineLearningForComputationalBiology/addiction_gwas_enrichment/celltype_specific_ml_models	/projects/pfenninggroup/machineLearningForComputationalBiology/addiction_gwas_enrichment/celltype_specific_ml_models/models/Pfenning_D1pos_Nac_fold2/Pfenning_D1pos_Nac_fold2_OCP_NB1000_NE23_BR0.01_MR0.1_BM0.85_MM0.99_DO0.25.h5	0.874858617626761	0.952833181904699	0.765888377794133	0.926839796462624	0.935405859790478	Mouse	pfenninggroup	pfenninggroup	v3	Pfenning	D1	Nac
0	evaluate	Pfenning_D1pos_Nac_fold3	/projects/pfenninggroup/machineLearningForComputationalBiology/addiction_gwas_enrichment/celltype_specific_ml_models/models/Pfenning_D1pos_Nac_fold3/Pfenning_D1pos_Nac_fold3_OCP_NB1000_NE23_BR0.01_MR0.1_BM0.85_MM0.99_DO0.25.h5	/projects/pfenninggroup/machineLearningForComputationalBiology/addiction_gwas_enrichment/celltype_specific_ml_models/FASTA_CV/Pfenning_D1pos_Nac_fold3_trainPos.fa	/projects/pfenninggroup/machineLearningForComputationalBiology/addiction_gwas_enrichment/celltype_specific_ml_models/FASTA_CV/Pfenning_D1pos_Nac_fold3_trainNeg10x.fa	/projects/pfenninggroup/machineLearningForComputationalBiology/addiction_gwas_enrichment/celltype_specific_ml_models/FASTA_CV/Pfenning_D1pos_Nac_fold3_validPos.fa	/projects/pfenninggroup/machineLearningForComputationalBiology/addiction_gwas_enrichment/celltype_specific_ml_models/FASTA_CV/Pfenning_D1pos_Nac_fold3_validNeg10x.fa	501	11	200	26	26	300	1e-10	0.25	2	binary_crossentropy	1000	23	2.35	0.01	0.1	0.85	0.99	TRUE	FALSE	/projects/pfenninggroup/machineLearningForComputationalBiology/addiction_gwas_enrichment/celltype_specific_ml_models	/projects/pfenninggroup/machineLearningForComputationalBiology/addiction_gwas_enrichment/celltype_specific_ml_models/models/Pfenning_D1pos_Nac_fold3/Pfenning_D1pos_Nac_fold3_OCP_NB1000_NE23_BR0.01_MR0.1_BM0.85_MM0.99_DO0.25.h5	0.880485272053251	0.957425713046456	0.759817162093705	0.935223444908239	0.943743495961895	Mouse	pfenninggroup	pfenninggroup	v3	Pfenning	D1	Nac
0	evaluate	Pfenning_D1pos_Nac_fold4	/projects/pfenninggroup/machineLearningForComputationalBiology/addiction_gwas_enrichment/celltype_specific_ml_models/models/Pfenning_D1pos_Nac_fold4/Pfenning_D1pos_Nac_fold4_OCP_NB1000_NE23_BR0.01_MR0.1_BM0.85_MM0.99_DO0.25.h5	/projects/pfenninggroup/machineLearningForComputationalBiology/addiction_gwas_enrichment/celltype_specific_ml_models/FASTA_CV/Pfenning_D1pos_Nac_fold4_trainPos.fa	/projects/pfenninggroup/machineLearningForComputationalBiology/addiction_gwas_enrichment/celltype_specific_ml_models/FASTA_CV/Pfenning_D1pos_Nac_fold4_trainNeg10x.fa	/projects/pfenninggroup/machineLearningForComputationalBiology/addiction_gwas_enrichment/celltype_specific_ml_models/FASTA_CV/Pfenning_D1pos_Nac_fold4_validPos.fa	/projects/pfenninggroup/machineLearningForComputationalBiology/addiction_gwas_enrichment/celltype_specific_ml_models/FASTA_CV/Pfenning_D1pos_Nac_fold4_validNeg10x.fa	501	11	200	26	26	300	1e-10	0.25	2	binary_crossentropy	1000	23	2.35	0.01	0.1	0.85	0.99	TRUE	FALSE	/projects/pfenninggroup/machineLearningForComputationalBiology/addiction_gwas_enrichment/celltype_specific_ml_models	/projects/pfenninggroup/machineLearningForComputationalBiology/addiction_gwas_enrichment/celltype_specific_ml_models/models/Pfenning_D1pos_Nac_fold4/Pfenning_D1pos_Nac_fold4_OCP_NB1000_NE23_BR0.01_MR0.1_BM0.85_MM0.99_DO0.25.h5	0.880320228454964	0.950863397599971	0.777030553662153	0.897622644109833	0.919090303212654	Mouse	pfenninggroup	pfenninggroup	v3	Pfenning	D1	Nac
0	evaluate	Pfenning_D1pos_Nac_fold5	/projects/pfenninggroup/machineLearningForComputationalBiology/addiction_gwas_enrichment/celltype_specific_ml_models/models/Pfenning_D1pos_Nac_fold5/Pfenning_D1pos_Nac_fold5_OCP_NB1000_NE23_BR0.01_MR0.1_BM0.85_MM0.99_DO0.25.h5	/projects/pfenninggroup/machineLearningForComputationalBiology/addiction_gwas_enrichment/celltype_specific_ml_models/FASTA_CV/Pfenning_D1pos_Nac_fold5_trainPos.fa	/projects/pfenninggroup/machineLearningForComputationalBiology/addiction_gwas_enrichment/celltype_specific_ml_models/FASTA_CV/Pfenning_D1pos_Nac_fold5_trainNeg10x.fa	/projects/pfenninggroup/machineLearningForComputationalBiology/addiction_gwas_enrichment/celltype_specific_ml_models/FASTA_CV/Pfenning_D1pos_Nac_fold5_validPos.fa	/projects/pfenninggroup/machineLearningForComputationalBiology/addiction_gwas_enrichment/celltype_specific_ml_models/FASTA_CV/Pfenning_D1pos_Nac_fold5_validNeg10x.fa	501	11	200	26	26	300	1e-10	0.25	2	binary_crossentropy	1000	23	2.35	0.01	0.1	0.85	0.99	TRUE	FALSE	/projects/pfenninggroup/machineLearningForComputationalBiology/addiction_gwas_enrichment/celltype_specific_ml_models	/projects/pfenninggroup/machineLearningForComputationalBiology/addiction_gwas_enrichment/celltype_specific_ml_models/models/Pfenning_D1pos_Nac_fold5/Pfenning_D1pos_Nac_fold5_OCP_NB1000_NE23_BR0.01_MR0.1_BM0.85_MM0.99_DO0.25.h5	0.84527548412478	0.94650707281425	0.784780872538942	0.934716767359309	0.935587838358795	Mouse	pfenninggroup	pfenninggroup	v3	Pfenning	D1	Nac
0	evaluate	Pfenning_D2pos_Cpu_fold1	/projects/pfenninggroup/machineLearningForComputationalBiology/addiction_gwas_enrichment/celltype_specific_ml_models/models/Pfenning_D2pos_Cpu_fold1/Pfenning_D2pos_Cpu_fold1_OCP_NB1000_NE23_BR0.01_MR0.1_BM0.85_MM0.99_DO0.25.h5	/projects/pfenninggroup/machineLearningForComputationalBiology/addiction_gwas_enrichment/celltype_specific_ml_models/FASTA_CV/Pfenning_D2pos_Cpu_fold1_trainPos.fa	/projects/pfenninggroup/machineLearningForComputationalBiology/addiction_gwas_enrichment/celltype_specific_ml_models/FASTA_CV/Pfenning_D2pos_Cpu_fold1_trainNeg10x.fa	/projects/pfenninggroup/machineLearningForComputationalBiology/addiction_gwas_enrichment/celltype_specific_ml_models/FASTA_CV/Pfenning_D2pos_Cpu_fold1_validPos.fa	/projects/pfenninggroup/machineLearningForComputationalBiology/addiction_gwas_enrichment/celltype_specific_ml_models/FASTA_CV/Pfenning_D2pos_Cpu_fold1_validNeg10x.fa	501	11	200	26	26	300	1e-10	0.25	2	binary_crossentropy	1000	23	2.35	0.01	0.1	0.85	0.99	TRUE	FALSE	/projects/pfenninggroup/machineLearningForComputationalBiology/addiction_gwas_enrichment/celltype_specific_ml_models	/projects/pfenninggroup/machineLearningForComputationalBiology/addiction_gwas_enrichment/celltype_specific_ml_models/models/Pfenning_D2pos_Cpu_fold1/Pfenning_D2pos_Cpu_fold1_OCP_NB1000_NE23_BR0.01_MR0.1_BM0.85_MM0.99_DO0.25.h5	0.870515933724145	0.950827037089107	0.805894868744435	0.924543197391047	0.929196087166878	Mouse	pfenninggroup	pfenninggroup	v3	Pfenning	D2	Cpu
0	evaluate	Pfenning_D2pos_Cpu_fold2	/projects/pfenninggroup/machineLearningForComputationalBiology/addiction_gwas_enrichment/celltype_specific_ml_models/models/Pfenning_D2pos_Cpu_fold2/Pfenning_D2pos_Cpu_fold2_OCP_NB1000_NE23_BR0.01_MR0.1_BM0.85_MM0.99_DO0.25.h5	/projects/pfenninggroup/machineLearningForComputationalBiology/addiction_gwas_enrichment/celltype_specific_ml_models/FASTA_CV/Pfenning_D2pos_Cpu_fold2_trainPos.fa	/projects/pfenninggroup/machineLearningForComputationalBiology/addiction_gwas_enrichment/celltype_specific_ml_models/FASTA_CV/Pfenning_D2pos_Cpu_fold2_trainNeg10x.fa	/projects/pfenninggroup/machineLearningForComputationalBiology/addiction_gwas_enrichment/celltype_specific_ml_models/FASTA_CV/Pfenning_D2pos_Cpu_fold2_validPos.fa	/projects/pfenninggroup/machineLearningForComputationalBiology/addiction_gwas_enrichment/celltype_specific_ml_models/FASTA_CV/Pfenning_D2pos_Cpu_fold2_validNeg10x.fa	501	11	200	26	26	300	1e-10	0.25	2	binary_crossentropy	1000	23	2.35	0.01	0.1	0.85	0.99	TRUE	FALSE	/projects/pfenninggroup/machineLearningForComputationalBiology/addiction_gwas_enrichment/celltype_specific_ml_models	/projects/pfenninggroup/machineLearningForComputationalBiology/addiction_gwas_enrichment/celltype_specific_ml_models/models/Pfenning_D2pos_Cpu_fold2/Pfenning_D2pos_Cpu_fold2_OCP_NB1000_NE23_BR0.01_MR0.1_BM0.85_MM0.99_DO0.25.h5	0.886836815064553	0.957009347267192	0.786706205747806	0.922765229846036	0.934096215091397	Mouse	pfenninggroup	pfenninggroup	v3	Pfenning	D2	Cpu
0	evaluate	Pfenning_D2pos_Cpu_fold3	/projects/pfenninggroup/machineLearningForComputationalBiology/addiction_gwas_enrichment/celltype_specific_ml_models/models/Pfenning_D2pos_Cpu_fold3/Pfenning_D2pos_Cpu_fold3_OCP_NB1000_NE23_BR0.01_MR0.1_BM0.85_MM0.99_DO0.25.h5	/projects/pfenninggroup/machineLearningForComputationalBiology/addiction_gwas_enrichment/celltype_specific_ml_models/FASTA_CV/Pfenning_D2pos_Cpu_fold3_trainPos.fa	/projects/pfenninggroup/machineLearningForComputationalBiology/addiction_gwas_enrichment/celltype_specific_ml_models/FASTA_CV/Pfenning_D2pos_Cpu_fold3_trainNeg10x.fa	/projects/pfenninggroup/machineLearningForComputationalBiology/addiction_gwas_enrichment/celltype_specific_ml_models/FASTA_CV/Pfenning_D2pos_Cpu_fold3_validPos.fa	/projects/pfenninggroup/machineLearningForComputationalBiology/addiction_gwas_enrichment/celltype_specific_ml_models/FASTA_CV/Pfenning_D2pos_Cpu_fold3_validNeg10x.fa	501	11	200	26	26	300	1e-10	0.25	2	binary_crossentropy	1000	23	2.35	0.01	0.1	0.85	0.99	TRUE	FALSE	/projects/pfenninggroup/machineLearningForComputationalBiology/addiction_gwas_enrichment/celltype_specific_ml_models	/projects/pfenninggroup/machineLearningForComputationalBiology/addiction_gwas_enrichment/celltype_specific_ml_models/models/Pfenning_D2pos_Cpu_fold3/Pfenning_D2pos_Cpu_fold3_OCP_NB1000_NE23_BR0.01_MR0.1_BM0.85_MM0.99_DO0.25.h5	0.891323386760636	0.960682473309726	0.790200151339489	0.926437733023839	0.938047407017389	Mouse	pfenninggroup	pfenninggroup	v3	Pfenning	D2	Cpu
0	evaluate	Pfenning_D2pos_Cpu_fold4	/projects/pfenninggroup/machineLearningForComputationalBiology/addiction_gwas_enrichment/celltype_specific_ml_models/models/Pfenning_D2pos_Cpu_fold4/Pfenning_D2pos_Cpu_fold4_OCP_NB1000_NE23_BR0.01_MR0.1_BM0.85_MM0.99_DO0.25.h5	/projects/pfenninggroup/machineLearningForComputationalBiology/addiction_gwas_enrichment/celltype_specific_ml_models/FASTA_CV/Pfenning_D2pos_Cpu_fold4_trainPos.fa	/projects/pfenninggroup/machineLearningForComputationalBiology/addiction_gwas_enrichment/celltype_specific_ml_models/FASTA_CV/Pfenning_D2pos_Cpu_fold4_trainNeg10x.fa	/projects/pfenninggroup/machineLearningForComputationalBiology/addiction_gwas_enrichment/celltype_specific_ml_models/FASTA_CV/Pfenning_D2pos_Cpu_fold4_validPos.fa	/projects/pfenninggroup/machineLearningForComputationalBiology/addiction_gwas_enrichment/celltype_specific_ml_models/FASTA_CV/Pfenning_D2pos_Cpu_fold4_validNeg10x.fa	501	11	200	26	26	300	1e-10	0.25	2	binary_crossentropy	1000	23	2.35	0.01	0.1	0.85	0.99	TRUE	FALSE	/projects/pfenninggroup/machineLearningForComputationalBiology/addiction_gwas_enrichment/celltype_specific_ml_models	/projects/pfenninggroup/machineLearningForComputationalBiology/addiction_gwas_enrichment/celltype_specific_ml_models/models/Pfenning_D2pos_Cpu_fold4/Pfenning_D2pos_Cpu_fold4_OCP_NB1000_NE23_BR0.01_MR0.1_BM0.85_MM0.99_DO0.25.h5	0.886039208431005	0.957255300284634	0.787259520802273	0.891347303217036	0.918347370227076	Mouse	pfenninggroup	pfenninggroup	v3	Pfenning	D2	Cpu
0	evaluate	Pfenning_D2pos_Cpu_fold5	/projects/pfenninggroup/machineLearningForComputationalBiology/addiction_gwas_enrichment/celltype_specific_ml_models/models/Pfenning_D2pos_Cpu_fold5/Pfenning_D2pos_Cpu_fold5_OCP_NB1000_NE23_BR0.01_MR0.1_BM0.85_MM0.99_DO0.25.h5	/projects/pfenninggroup/machineLearningForComputationalBiology/addiction_gwas_enrichment/celltype_specific_ml_models/FASTA_CV/Pfenning_D2pos_Cpu_fold5_trainPos.fa	/projects/pfenninggroup/machineLearningForComputationalBiology/addiction_gwas_enrichment/celltype_specific_ml_models/FASTA_CV/Pfenning_D2pos_Cpu_fold5_trainNeg10x.fa	/projects/pfenninggroup/machineLearningForComputationalBiology/addiction_gwas_enrichment/celltype_specific_ml_models/FASTA_CV/Pfenning_D2pos_Cpu_fold5_validPos.fa	/projects/pfenninggroup/machineLearningForComputationalBiology/addiction_gwas_enrichment/celltype_specific_ml_models/FASTA_CV/Pfenning_D2pos_Cpu_fold5_validNeg10x.fa	501	11	200	26	26	300	1e-10	0.25	2	binary_crossentropy	1000	23	2.35	0.01	0.1	0.85	0.99	TRUE	FALSE	/projects/pfenninggroup/machineLearningForComputationalBiology/addiction_gwas_enrichment/celltype_specific_ml_models	/projects/pfenninggroup/machineLearningForComputationalBiology/addiction_gwas_enrichment/celltype_specific_ml_models/models/Pfenning_D2pos_Cpu_fold5/Pfenning_D2pos_Cpu_fold5_OCP_NB1000_NE23_BR0.01_MR0.1_BM0.85_MM0.99_DO0.25.h5	0.867777650246486	0.952030673322022	0.802071908006493	0.93600018536623	0.938284645239685	Mouse	pfenninggroup	pfenninggroup	v3	Pfenning	D2	Cpu
0	evaluate	Pfenning_D2pos_Nac_fold1	/projects/pfenninggroup/machineLearningForComputationalBiology/addiction_gwas_enrichment/celltype_specific_ml_models/models/Pfenning_D2pos_Nac_fold1/Pfenning_D2pos_Nac_fold1_OCP_NB1000_NE23_BR0.01_MR0.1_BM0.85_MM0.99_DO0.25.h5	/projects/pfenninggroup/machineLearningForComputationalBiology/addiction_gwas_enrichment/celltype_specific_ml_models/FASTA_CV/Pfenning_D2pos_Nac_fold1_trainPos.fa	/projects/pfenninggroup/machineLearningForComputationalBiology/addiction_gwas_enrichment/celltype_specific_ml_models/FASTA_CV/Pfenning_D2pos_Nac_fold1_trainNeg10x.fa	/projects/pfenninggroup/machineLearningForComputationalBiology/addiction_gwas_enrichment/celltype_specific_ml_models/FASTA_CV/Pfenning_D2pos_Nac_fold1_validPos.fa	/projects/pfenninggroup/machineLearningForComputationalBiology/addiction_gwas_enrichment/celltype_specific_ml_models/FASTA_CV/Pfenning_D2pos_Nac_fold1_validNeg10x.fa	501	11	200	26	26	300	1e-10	0.25	2	binary_crossentropy	1000	23	2.35	0.01	0.1	0.85	0.99	TRUE	FALSE	/projects/pfenninggroup/machineLearningForComputationalBiology/addiction_gwas_enrichment/celltype_specific_ml_models	/projects/pfenninggroup/machineLearningForComputationalBiology/addiction_gwas_enrichment/celltype_specific_ml_models/models/Pfenning_D2pos_Nac_fold1/Pfenning_D2pos_Nac_fold1_OCP_NB1000_NE23_BR0.01_MR0.1_BM0.85_MM0.99_DO0.25.h5	0.872979643338102	0.953473531661521	0.813227696829136	0.93413225761551	0.936699314350297	Mouse	pfenninggroup	pfenninggroup	v3	Pfenning	D2	Nac
0	evaluate	Pfenning_D2pos_Nac_fold2	/projects/pfenninggroup/machineLearningForComputationalBiology/addiction_gwas_enrichment/celltype_specific_ml_models/models/Pfenning_D2pos_Nac_fold2/Pfenning_D2pos_Nac_fold2_OCP_NB1000_NE23_BR0.01_MR0.1_BM0.85_MM0.99_DO0.25.h5	/projects/pfenninggroup/machineLearningForComputationalBiology/addiction_gwas_enrichment/celltype_specific_ml_models/FASTA_CV/Pfenning_D2pos_Nac_fold2_trainPos.fa	/projects/pfenninggroup/machineLearningForComputationalBiology/addiction_gwas_enrichment/celltype_specific_ml_models/FASTA_CV/Pfenning_D2pos_Nac_fold2_trainNeg10x.fa	/projects/pfenninggroup/machineLearningForComputationalBiology/addiction_gwas_enrichment/celltype_specific_ml_models/FASTA_CV/Pfenning_D2pos_Nac_fold2_validPos.fa	/projects/pfenninggroup/machineLearningForComputationalBiology/addiction_gwas_enrichment/celltype_specific_ml_models/FASTA_CV/Pfenning_D2pos_Nac_fold2_validNeg10x.fa	501	11	200	26	26	300	1e-10	0.25	2	binary_crossentropy	1000	23	2.35	0.01	0.1	0.85	0.99	TRUE	FALSE	/projects/pfenninggroup/machineLearningForComputationalBiology/addiction_gwas_enrichment/celltype_specific_ml_models	/projects/pfenninggroup/machineLearningForComputationalBiology/addiction_gwas_enrichment/celltype_specific_ml_models/models/Pfenning_D2pos_Nac_fold2/Pfenning_D2pos_Nac_fold2_OCP_NB1000_NE23_BR0.01_MR0.1_BM0.85_MM0.99_DO0.25.h5	0.882571650491155	0.959210857511375	0.797568099091068	0.937681196620291	0.943247855018486	Mouse	pfenninggroup	pfenninggroup	v3	Pfenning	D2	Nac
0	evaluate	Pfenning_D2pos_Nac_fold3	/projects/pfenninggroup/machineLearningForComputationalBiology/addiction_gwas_enrichment/celltype_specific_ml_models/models/Pfenning_D2pos_Nac_fold3/Pfenning_D2pos_Nac_fold3_OCP_NB1000_NE23_BR0.01_MR0.1_BM0.85_MM0.99_DO0.25.h5	/projects/pfenninggroup/machineLearningForComputationalBiology/addiction_gwas_enrichment/celltype_specific_ml_models/FASTA_CV/Pfenning_D2pos_Nac_fold3_trainPos.fa	/projects/pfenninggroup/machineLearningForComputationalBiology/addiction_gwas_enrichment/celltype_specific_ml_models/FASTA_CV/Pfenning_D2pos_Nac_fold3_trainNeg10x.fa	/projects/pfenninggroup/machineLearningForComputationalBiology/addiction_gwas_enrichment/celltype_specific_ml_models/FASTA_CV/Pfenning_D2pos_Nac_fold3_validPos.fa	/projects/pfenninggroup/machineLearningForComputationalBiology/addiction_gwas_enrichment/celltype_specific_ml_models/FASTA_CV/Pfenning_D2pos_Nac_fold3_validNeg10x.fa	501	11	200	26	26	300	1e-10	0.25	2	binary_crossentropy	1000	23	2.35	0.01	0.1	0.85	0.99	TRUE	FALSE	/projects/pfenninggroup/machineLearningForComputationalBiology/addiction_gwas_enrichment/celltype_specific_ml_models	/projects/pfenninggroup/machineLearningForComputationalBiology/addiction_gwas_enrichment/celltype_specific_ml_models/models/Pfenning_D2pos_Nac_fold3/Pfenning_D2pos_Nac_fold3_OCP_NB1000_NE23_BR0.01_MR0.1_BM0.85_MM0.99_DO0.25.h5	0.891691600703827	0.961080903490566	0.790488984675306	0.9316696698563	0.941430276219679	Mouse	pfenninggroup	pfenninggroup	v3	Pfenning	D2	Nac
0	evaluate	Pfenning_D2pos_Nac_fold4	/projects/pfenninggroup/machineLearningForComputationalBiology/addiction_gwas_enrichment/celltype_specific_ml_models/models/Pfenning_D2pos_Nac_fold4/Pfenning_D2pos_Nac_fold4_OCP_NB1000_NE23_BR0.01_MR0.1_BM0.85_MM0.99_DO0.25.h5	/projects/pfenninggroup/machineLearningForComputationalBiology/addiction_gwas_enrichment/celltype_specific_ml_models/FASTA_CV/Pfenning_D2pos_Nac_fold4_trainPos.fa	/projects/pfenninggroup/machineLearningForComputationalBiology/addiction_gwas_enrichment/celltype_specific_ml_models/FASTA_CV/Pfenning_D2pos_Nac_fold4_trainNeg10x.fa	/projects/pfenninggroup/machineLearningForComputationalBiology/addiction_gwas_enrichment/celltype_specific_ml_models/FASTA_CV/Pfenning_D2pos_Nac_fold4_validPos.fa	/projects/pfenninggroup/machineLearningForComputationalBiology/addiction_gwas_enrichment/celltype_specific_ml_models/FASTA_CV/Pfenning_D2pos_Nac_fold4_validNeg10x.fa	501	11	200	26	26	300	1e-10	0.25	2	binary_crossentropy	1000	23	2.35	0.01	0.1	0.85	0.99	TRUE	FALSE	/projects/pfenninggroup/machineLearningForComputationalBiology/addiction_gwas_enrichment/celltype_specific_ml_models	/projects/pfenninggroup/machineLearningForComputationalBiology/addiction_gwas_enrichment/celltype_specific_ml_models/models/Pfenning_D2pos_Nac_fold4/Pfenning_D2pos_Nac_fold4_OCP_NB1000_NE23_BR0.01_MR0.1_BM0.85_MM0.99_DO0.25.h5	0.8880225302601	0.957467390214205	0.790202884108084	0.930716844054762	0.939538818999176	Mouse	pfenninggroup	pfenninggroup	v3	Pfenning	D2	Nac
0	evaluate	Pfenning_D2pos_Nac_fold5	/projects/pfenninggroup/machineLearningForComputationalBiology/addiction_gwas_enrichment/celltype_specific_ml_models/models/Pfenning_D2pos_Nac_fold5/Pfenning_D2pos_Nac_fold5_OCP_NB1000_NE23_BR0.01_MR0.1_BM0.85_MM0.99_DO0.25.h5	/projects/pfenninggroup/machineLearningForComputationalBiology/addiction_gwas_enrichment/celltype_specific_ml_models/FASTA_CV/Pfenning_D2pos_Nac_fold5_trainPos.fa	/projects/pfenninggroup/machineLearningForComputationalBiology/addiction_gwas_enrichment/celltype_specific_ml_models/FASTA_CV/Pfenning_D2pos_Nac_fold5_trainNeg10x.fa	/projects/pfenninggroup/machineLearningForComputationalBiology/addiction_gwas_enrichment/celltype_specific_ml_models/FASTA_CV/Pfenning_D2pos_Nac_fold5_validPos.fa	/projects/pfenninggroup/machineLearningForComputationalBiology/addiction_gwas_enrichment/celltype_specific_ml_models/FASTA_CV/Pfenning_D2pos_Nac_fold5_validNeg10x.fa	501	11	200	26	26	300	1e-10	0.25	2	binary_crossentropy	1000	23	2.35	0.01	0.1	0.85	0.99	TRUE	FALSE	/projects/pfenninggroup/machineLearningForComputationalBiology/addiction_gwas_enrichment/celltype_specific_ml_models	/projects/pfenninggroup/machineLearningForComputationalBiology/addiction_gwas_enrichment/celltype_specific_ml_models/models/Pfenning_D2pos_Nac_fold5/Pfenning_D2pos_Nac_fold5_OCP_NB1000_NE23_BR0.01_MR0.1_BM0.85_MM0.99_DO0.25.h5	0.884574893714145	0.958455600702727	0.82080232806729	0.881734473335976	0.90775094140601	Mouse	pfenninggroup	pfenninggroup	v3	Pfenning	D2	Nac
